9|11252|775|1|27|31407.75|0.10|0.00|N|O|1995-11-28|1995-12-06|1995-12-06|TAKE BACK RETURN|AIR|ilent packages. final, regu
9|11407|191|2|8|10547.20|0.06|0.00|N|O|1996-02-10|1995-12-13|1996-02-29|NONE|FOB|iously special deposits. fluffily pending
9|4674|437|3|20|31573.40|0.02|0.05|N|O|1995-12-09|1996-01-10|1995-12-16|TAKE BACK RETURN|REG AIR|ully final deposits wa
10|7954|726|1|30|55858.50|0.09|0.01|R|F|1992-09-20|1992-09-29|1992-10-15|NONE|AIR|uses haggle caref
10|2478|479|2|8|11043.76|0.01|0.05|A|F|1992-10-01|1992-09-01|1992-10-05|COLLECT COD|AIR|. ironic, final theodolites run alongsi
10|19990|529|3|43|82129.57|0.02|0.07|R|F|1992-09-14|1992-09-28|1992-09-30|COLLECT COD|TRUCK|iously ideas. de
11|17786|321|1|4|6815.12|0.00|0.08|R|F|1993-02-14|1993-02-08|1993-02-22|DELIVER IN PERSON|FOB|nusual, sp
11|7301|559|2|15|18124.50|0.02|0.02|A|F|1993-01-11|1993-01-30|1993-01-14|NONE|MAIL|xes are idly carefully unu
11|1142|143|3|10|10431.40|0.05|0.04|A|F|1993-01-08|1993-01-30|1993-01-24|TAKE BACK RETURN|TRUCK|theodolites mainta
11|10798|319|4|30|51263.70|0.08|0.07|R|F|1992-12-04|1992-12-31|1992-12-18|COLLECT COD|MAIL|ests wake slyly
11|12635|898|5|28|43333.64|0.02|0.06|R|F|1993-01-31|1992-12-29|1993-02-18|COLLECT COD|RAIL|r the silen
11|6790|791|6|22|37329.38|0.03|0.06|A|F|1993-02-22|1993-01-06|1993-02-27|TAKE BACK RETURN|FOB|efully ironic accounts are a
11|10336|597|7|9|11216.97|0.06|0.03|R|F|1993-03-25|1993-02-06|1993-04-12|COLLECT COD|REG AIR|ions wake reg
12|7075|847|1|25|24551.75|0.09|0.00|R|F|1992-07-31|1992-09-08|1992-08-01|COLLECT COD|RAIL|nt package
13|4041|296|1|29|27406.16|0.08|0.04|N|O|1997-06-06|1997-04-22|1997-06-24|DELIVER IN PERSON|FOB|gular, express requests mold according
13|5277|533|2|41|48473.07|0.10|0.07|N|O|1997-03-27|1997-04-07|1997-04-01|TAKE BACK RETURN|RAIL|fter the blithely e
13|489|990|3|47|65305.56|0.05|0.02|N|O|1997-04-09|1997-05-20|1997-04-20|NONE|MAIL|eep according to the regular asym
13|17982|517|4|6|11399.88|0.00|0.05|N|O|1997-04-15|1997-04-28|1997-04-23|COLLECT COD|AIR|phs haggle in place of the carefully f
13|3372|879|5|29|36985.73|0.09|0.01|N|O|1997-04-15|1997-05-06|1997-05-13|DELIVER IN PERSON|FOB|ding to the careful
13|19065|873|6|15|14760.90|0.01|0.02|N|O|1997-03-30|1997-03-22|1997-04-12|DELIVER IN PERSON|REG AIR|carefully final excuses nag blith
13|3765|525|7|47|78431.72|0.00|0.00|N|O|1997-04-24|1997-05-17|1997-05-18|NONE|REG AIR|above the carefu
14|11331|593|1|5|6211.65|0.06|0.03|N|O|1996-10-19|1996-11-04|1996-11-11|NONE|REG AIR|equests wak
14|18510|47|2|31|44283.81|0.05|0.02|N|O|1996-12-10|1996-11-06|1996-12-26|DELIVER IN PERSON|SHIP|uests. slyly even excuses use above 
14|15903|434|3|43|78212.70|0.01|0.01|N|O|1996-10-03|1996-11-12|1996-10-19|COLLECT COD|AIR|y. blithely fin
14|18026|831|4|28|26432.56|0.01|0.01|N|O|1996-11-06|1996-10-17|1996-11-26|NONE|FOB| requests serve after
14|7674|675|5|43|68011.81|0.10|0.08|N|O|1996-11-05|1996-11-26|1996-11-13|COLLECT COD|SHIP|its along 
14|5191|702|6|28|30693.32|0.01|0.02|N|O|1996-10-30|1996-10-16|1996-11-29|DELIVER IN PERSON|RAIL|ss enticingly evenly express ideas. quic
14|1043|546|7|6|5664.24|0.07|0.05|N|O|1996-11-12|1996-12-06|1996-11-26|DELIVER IN PERSON|AIR|counts cajole among the furiously
15|727|978|1|38|61853.36|0.03|0.07|R|F|1993-07-15|1993-08-23|1993-07-31|TAKE BACK RETURN|RAIL|y about the even, even depo
15|17715|983|2|36|58777.56|0.01|0.03|R|F|1993-09-03|1993-07-21|1993-09-28|DELIVER IN PERSON|SHIP|instructions haggle carefully. pen
15|15966|232|3|45|84688.20|0.08|0.05|A|F|1993-07-08|1993-08-18|1993-07-30|COLLECT COD|TRUCK|ole quickly blithely special accounts. ca
15|6955|468|4|31|57720.45|0.07|0.05|A|F|1993-09-12|1993-07-26|1993-09-24|NONE|TRUCK|ore the accounts. slyly daring packages aff
40|9722|500|1|22|35897.84|0.00|0.07|N|O|1996-01-20|1996-01-02|1996-01-25|DELIVER IN PERSON|AIR|es. furiously regula
41|8988|989|1|9|17072.82|0.03|0.08|R|F|1992-06-10|1992-08-04|1992-07-10|COLLECT COD|MAIL|ccounts. carefully f
41|13176|703|2|1|1089.17|0.08|0.04|A|F|1992-07-25|1992-06-28|1992-08-16|COLLECT COD|SHIP|uickly final requests a
41|17767|569|3|24|40434.24|0.02|0.07|A|F|1992-06-29|1992-07-23|1992-07-02|NONE|SHIP|ly regular requests. 
41|6270|783|4|14|16467.78|0.01|0.03|A|F|1992-09-09|1992-08-01|1992-09-21|DELIVER IN PERSON|FOB|ously about the slyly pend
41|8934|193|5|32|58973.76|0.01|0.07|R|F|1992-08-20|1992-07-09|1992-08-23|TAKE BACK RETURN|SHIP|are carefully furiously regular reques
42|11580|842|1|38|56680.04|0.03|0.05|N|O|1996-06-15|1996-06-08|1996-07-09|DELIVER IN PERSON|SHIP|t among the final packag
42|4059|314|2|44|42374.20|0.02|0.00|N|O|1996-07-05|1996-07-08|1996-07-24|DELIVER IN PERSON|FOB| blithely unusual braids. 
42|15494|495|3|12|16913.88|0.04|0.02|N|O|1996-05-06|1996-07-20|1996-05-12|COLLECT COD|REG AIR|ove the carefully i
42|19044|852|4|24|23112.96|0.03|0.04|N|O|1996-05-26|1996-07-23|1996-06-16|NONE|TRUCK|ncies. blithely unusual instructions along
42|3493|747|5|10|13964.90|0.01|0.08|N|O|1996-07-22|1996-06-11|1996-07-31|TAKE BACK RETURN|MAIL|eans. slyly final platelets wak
43|996|997|1|10|18969.90|0.08|0.08|N|O|1996-02-10|1995-12-17|1996-03-05|NONE|AIR|its. regular id
44|3472|473|1|47|64647.09|0.02|0.08|N|O|1997-04-21|1997-04-16|1997-04-28|NONE|REG AIR|ntegrate quickly tithes. qui
44|9993|253|2|25|47574.75|0.07|0.06|N|O|1997-03-15|1997-04-25|1997-03-29|TAKE BACK RETURN|RAIL| quickly unusual requests haggle quickly
44|18998|999|3|27|51758.73|0.04|0.01|N|O|1997-02-25|1997-04-11|1997-03-01|DELIVER IN PERSON|TRUCK|g to the ironic ideas was furio
44|5003|259|4|43|39044.00|0.03|0.04|N|O|1997-02-10|1997-04-08|1997-03-06|DELIVER IN PERSON|MAIL|gular deposits enga
44|16974|773|5|31|58620.07|0.10|0.03|N|O|1997-04-30|1997-04-03|1997-05-30|DELIVER IN PERSON|FOB|thily even 
44|15970|501|6|16|30175.52|0.07|0.07|N|O|1997-03-04|1997-04-22|1997-03-31|NONE|TRUCK|ly even packages cajo
45|18816|353|1|33|57248.73|0.00|0.05|R|F|1994-10-10|1994-08-22|1994-10-17|COLLECT COD|RAIL|e ironic, express
46|1910|664|1|45|81535.95|0.01|0.08|N|O|1998-03-03|1998-03-17|1998-03-23|COLLECT COD|RAIL|, ironic theodolites
46|9543|544|2|17|24693.18|0.09|0.02|N|O|1998-03-18|1998-03-03|1998-03-24|NONE|AIR|fluffily blith
46|14403|932|3|3|3952.20|0.08|0.08|N|O|1998-02-07|1998-03-09|1998-03-07|TAKE BACK RETURN|TRUCK| despite the silent
46|3859|860|4|30|52885.50|0.10|0.08|N|O|1998-04-30|1998-04-01|1998-05-01|DELIVER IN PERSON|SHIP| deposits about the slyly final r
46|15363|894|5|19|24288.84|0.07|0.07|N|O|1998-05-12|1998-02-22|1998-05-29|DELIVER IN PERSON|MAIL| special dependencies are furio
46|12756|757|6|41|68418.75|0.05|0.07|N|O|1998-05-13|1998-03-26|1998-06-03|DELIVER IN PERSON|REG AIR|esides the blithe
47|11181|704|1|19|20751.42|0.08|0.04|A|F|1994-10-30|1994-10-01|1994-11-07|DELIVER IN PERSON|TRUCK|s. furiously final instructi
72|1882|134|1|4|7135.52|0.06|0.06|N|O|1997-12-21|1997-12-15|1997-12-25|DELIVER IN PERSON|SHIP|s nag quickly. blithely i
72|19362|901|2|39|49973.04|0.06|0.04|N|O|1998-01-14|1997-12-06|1998-02-04|NONE|FOB|en ideas. bli
72|12366|153|3|27|34515.72|0.03|0.01|N|O|1998-02-25|1997-12-18|1998-03-17|DELIVER IN PERSON|FOB|r pinto beans solve according to the care
72|6057|826|4|17|16371.85|0.00|0.08|N|O|1998-02-01|1998-01-18|1998-03-02|DELIVER IN PERSON|SHIP|ar instructions sn
72|8231|232|5|42|47847.66|0.08|0.01|N|O|1998-01-04|1997-12-21|1998-01-15|NONE|REG AIR|efully slyly bold dependencies. q
72|13784|785|6|10|16977.80|0.04|0.03|N|O|1997-11-17|1997-12-29|1997-11-27|NONE|RAIL|ggle slyly regula
73|18118|923|1|29|30047.19|0.01|0.05|A|F|1993-10-20|1993-10-21|1993-11-12|COLLECT COD|MAIL|nes. furiously even di
73|2963|216|2|29|54112.84|0.05|0.05|A|F|1993-10-14|1993-10-22|1993-10-18|DELIVER IN PERSON|FOB|. packages use blith
73|12171|172|3|15|16247.55|0.03|0.01|R|F|1993-12-02|1993-11-25|1993-12-24|NONE|TRUCK|kages along
73|14436|701|4|41|55367.63|0.08|0.06|R|F|1993-11-18|1993-10-16|1993-12-04|NONE|TRUCK| haggle blithely after t
73|19620|621|5|17|26173.54|0.05|0.05|R|F|1993-12-14|1993-11-07|1993-12-31|DELIVER IN PERSON|AIR|tions. furiously regular packages sleep
73|2067|320|6|27|26164.62|0.01|0.02|R|F|1993-12-06|1993-10-24|1993-12-25|DELIVER IN PERSON|TRUCK|ly regular pinto be
74|12558|559|1|26|38234.30|0.08|0.08|A|F|1992-10-11|1992-10-25|1992-11-05|TAKE BACK RETURN|MAIL|ges dazzle blithe
75|7023|24|1|1|930.02|0.08|0.02|R|F|1993-07-10|1993-07-27|1993-07-12|NONE|SHIP|eposits are bold 
75|3315|316|2|4|4873.24|0.07|0.07|R|F|1993-10-08|1993-08-01|1993-10-17|NONE|REG AIR|atelets. f
76|9255|515|1|38|44241.50|0.05|0.03|N|O|1997-08-16|1997-07-15|1997-09-06|COLLECT COD|AIR|ally regular pearls haggle. carefully eve
76|14250|779|2|33|38420.25|0.01|0.07|N|O|1997-05-25|1997-07-06|1997-05-31|DELIVER IN PERSON|AIR|d the slyly express pinto beans w
76|15807|808|3|5|8614.00|0.01|0.04|N|O|1997-05-21|1997-07-08|1997-05-22|COLLECT COD|MAIL|r dependencies about the slyly unusual excu
76|5600|601|4|35|52696.00|0.04|0.02|N|O|1997-06-20|1997-07-16|1997-07-16|COLLECT COD|TRUCK|es sleep quic
77|7848|849|1|22|38628.48|0.03|0.06|R|F|1993-02-15|1993-03-23|1993-02-17|TAKE BACK RETURN|AIR|ly against the furiously ironic reque
77|19523|793|2|31|44718.12|0.05|0.02|A|F|1993-01-31|1993-03-11|1993-02-04|NONE|MAIL|lithely even gifts. slowly u
77|19260|68|3|46|54245.96|0.07|0.02|A|F|1993-03-31|1993-02-26|1993-04-11|DELIVER IN PERSON|RAIL|lly special deposits above the final reque
77|13012|802|4|37|34225.37|0.02|0.01|A|F|1993-04-13|1993-02-28|1993-04-25|NONE|AIR| requests. final excu
78|5938|194|1|42|77445.06|0.04|0.00|A|F|1994-06-21|1994-05-20|1994-06-25|COLLECT COD|MAIL|s. furiously final ideas snooz
78|10043|304|2|2|1906.08|0.04|0.03|R|F|1994-06-10|1994-05-10|1994-07-02|DELIVER IN PERSON|AIR|w pinto beans. unusual 
78|19188|189|3|4|4428.72|0.00|0.08|A|F|1994-06-04|1994-05-28|1994-06-21|DELIVER IN PERSON|RAIL|jole slyly abo
79|3893|653|1|6|10781.34|0.03|0.00|A|F|1992-09-17|1992-09-05|1992-10-15|TAKE BACK RETURN|TRUCK| slyly regul
79|15896|427|2|37|67039.93|0.06|0.07|R|F|1992-09-19|1992-08-29|1992-10-16|TAKE BACK RETURN|FOB|elets. regular depos
79|1727|481|3|1|1628.72|0.03|0.02|A|F|1992-09-20|1992-10-20|1992-10-13|NONE|TRUCK|d instructions mig
79|9296|556|4|39|47006.31|0.10|0.05|R|F|1992-11-06|1992-09-18|1992-11-17|NONE|FOB|ously express pinto beans. packages along t
79|5664|175|5|10|15696.60|0.08|0.07|A|F|1992-08-27|1992-08-28|1992-09-18|NONE|RAIL|ests. ironic deposits aff
104|6103|104|1|25|25227.50|0.05|0.01|A|F|1993-09-29|1993-10-10|1993-10-12|NONE|REG AIR|alongside of the deposits. slyly even no
104|17673|475|2|2|3181.34|0.03|0.00|R|F|1993-11-01|1993-09-05|1993-11-03|COLLECT COD|TRUCK|otes according to the even theodol
105|716|217|1|29|46884.59|0.06|0.08|N|O|1997-03-10|1997-04-24|1997-03-25|COLLECT COD|RAIL|sits cajole against the bl
105|12549|336|2|35|51153.90|0.08|0.08|N|O|1997-04-23|1997-04-05|1997-05-21|NONE|TRUCK|al frets abou
105|16082|349|3|43|42917.44|0.00|0.02|N|O|1997-05-10|1997-03-10|1997-05-23|TAKE BACK RETURN|MAIL|onic dependencies. fu
105|8619|394|4|3|4582.83|0.03|0.04|N|O|1997-03-21|1997-03-21|1997-04-09|DELIVER IN PERSON|TRUCK| regular ideas acros
105|11144|667|5|4|4220.56|0.03|0.01|N|O|1997-04-04|1997-03-23|1997-04-12|DELIVER IN PERSON|SHIP|es haggle blit
105|16632|431|6|44|68139.72|0.01|0.04|N|O|1997-05-01|1997-04-21|1997-05-10|TAKE BACK RETURN|MAIL|ular packages wake blithely around the s
105|10759|540|7|39|65120.25|0.03|0.05|N|O|1997-06-02|1997-04-02|1997-06-22|COLLECT COD|AIR|oost carefully. ironic deposits detect 
106|4211|466|1|41|45723.61|0.02|0.04|N|O|1998-05-03|1998-05-11|1998-05-29|COLLECT COD|MAIL|he final requests. reg
106|17935|737|2|9|16676.37|0.08|0.02|N|O|1998-07-28|1998-05-05|1998-08-20|COLLECT COD|RAIL| unusual, pending pinto beans acros
106|12441|442|3|16|21655.04|0.04|0.06|N|O|1998-06-10|1998-05-22|1998-06-19|DELIVER IN PERSON|SHIP|unusual, ironic plate
106|14918|919|4|21|38491.11|0.06|0.05|N|O|1998-06-03|1998-06-08|1998-06-13|NONE|REG AIR|iously final theodolites. e
106|6810|579|5|26|44637.06|0.05|0.00|N|O|1998-07-21|1998-05-31|1998-08-12|TAKE BACK RETURN|SHIP|ay furiously; blithely express i
106|4940|941|6|27|49813.38|0.09|0.02|N|O|1998-05-14|1998-05-20|1998-05-15|NONE|REG AIR|furiously after the silent packages
107|14979|244|1|48|90910.56|0.10|0.00|R|F|1995-02-11|1994-12-13|1995-02-21|NONE|MAIL|luffily final accou
107|5106|872|2|10|10111.00|0.03|0.04|R|F|1995-02-12|1995-01-16|1995-02-13|COLLECT COD|FOB|xpress theodolites. furiously regular foxes
107|10201|202|3|32|35558.40|0.05|0.03|A|F|1995-03-03|1994-12-18|1995-03-16|TAKE BACK RETURN|TRUCK|s. blithely silent ideas 
107|1378|379|4|7|8955.59|0.08|0.02|A|F|1995-02-16|1995-01-31|1995-02-23|DELIVER IN PERSON|RAIL|en packages mold. furiously final accounts
107|14775|776|5|23|38864.71|0.10|0.08|R|F|1995-01-03|1995-01-20|1995-01-27|NONE|FOB|uriously express inst
107|11167|951|6|49|52829.84|0.09|0.01|R|F|1994-12-03|1994-12-09|1994-12-15|COLLECT COD|FOB|excuses sl
107|15756|552|7|15|25076.25|0.01|0.07|A|F|1995-02-06|1995-01-01|1995-02-25|DELIVER IN PERSON|AIR|quests up the furiously even ideas haggle f
108|616|617|1|8|12132.88|0.03|0.08|R|F|1995-02-10|1995-01-27|1995-02-13|COLLECT COD|RAIL|into beans? final deposits integ
108|1219|722|2|40|44808.40|0.09|0.05|R|F|1994-12-10|1995-01-29|1994-12-17|TAKE BACK RETURN|MAIL|ily alongside of the 
109|16857|656|1|24|42572.40|0.01|0.01|A|F|1995-05-05|1995-06-08|1995-05-21|COLLECT COD|REG AIR|sleep along the slyly regular package
109|20000|808|2|10|9200.00|0.06|0.07|N|O|1995-07-24|1995-06-18|1995-08-23|DELIVER IN PERSON|FOB|g furiously.
109|3714|968|3|41|66326.11|0.07|0.00|N|O|1995-07-14|1995-07-05|1995-07-27|TAKE BACK RETURN|AIR|l accounts nag carefully across the depo
109|4602|603|4|45|67797.00|0.10|0.04|A|F|1995-06-05|1995-05-12|1995-06-13|DELIVER IN PERSON|FOB|eans wake quickly final packag
109|15101|632|5|30|30483.00|0.06|0.00|A|F|1995-06-11|1995-06-26|1995-06-16|DELIVER IN PERSON|FOB|ts above t
109|10730|731|6|38|62347.74|0.10|0.01|N|O|1995-07-23|1995-06-26|1995-08-09|NONE|AIR|x-ray quickly. blithely final depos
109|10069|590|7|15|14685.90|0.02|0.08|A|F|1995-04-14|1995-05-29|1995-04-22|TAKE BACK RETURN|SHIP|ven platelets along t
110|17175|176|1|50|54608.50|0.05|0.05|R|F|1994-03-26|1994-04-08|1994-04-04|DELIVER IN PERSON|REG AIR|ins: furiously close req
110|18272|541|2|26|30947.02|0.08|0.03|R|F|1994-01-19|1994-03-10|1994-01-26|DELIVER IN PERSON|AIR|l packages x-ray quickly 
111|7877|649|1|50|89243.50|0.08|0.06|N|O|1996-08-21|1996-07-18|1996-08-25|TAKE BACK RETURN|MAIL|idly ironic acc
111|14056|585|2|3|2910.15|0.06|0.03|N|O|1996-06-12|1996-07-21|1996-06-13|COLLECT COD|TRUCK|yers. quic
111|4200|455|3|14|15458.80|0.06|0.00|N|O|1996-07-04|1996-06-18|1996-07-17|DELIVER IN PERSON|FOB|ly regular dolphin
111|12710|235|4|24|38945.04|0.08|0.03|N|O|1996-08-24|1996-07-24|1996-09-10|DELIVER IN PERSON|REG AIR|osits hinder slyly regul
136|18631|900|1|34|52687.42|0.04|0.08|N|O|1996-04-18|1996-02-15|1996-04-26|TAKE BACK RETURN|REG AIR|oxes haggle silent, express packages. unusu
136|14988|517|2|39|74216.22|0.09|0.07|N|O|1996-03-27|1996-02-03|1996-04-25|DELIVER IN PERSON|RAIL|about the f
137|17384|919|1|33|42945.54|0.09|0.07|N|O|1997-02-13|1997-03-16|1997-02-21|NONE|REG AIR| deposits. sometimes regular pinto beans 
137|8483|258|2|43|59833.64|0.05|0.05|N|O|1997-04-30|1997-03-27|1997-05-27|DELIVER IN PERSON|AIR|s. blithely express 
138|4449|212|1|38|51430.72|0.07|0.08|A|F|1995-01-07|1995-01-14|1995-01-14|NONE|AIR|ar pinto beans according to the f
138|4155|156|2|34|36011.10|0.09|0.04|R|F|1994-11-10|1994-12-08|1994-12-10|NONE|MAIL|slyly express requests solve blithely. car
138|11447|970|3|15|20376.60|0.07|0.00|R|F|1995-02-17|1994-11-30|1995-02-18|DELIVER IN PERSON|AIR|eodolites sl
138|13835|625|4|26|45469.58|0.05|0.07|R|F|1994-11-07|1994-12-26|1994-11-29|DELIVER IN PERSON|SHIP|kages are slyly a
139|2198|199|1|7|7701.33|0.04|0.07|A|F|1992-06-21|1992-06-15|1992-06-30|COLLECT COD|SHIP|es x-ray furiously across 
139|13553|80|2|31|45463.05|0.10|0.04|A|F|1992-04-21|1992-07-13|1992-04-28|COLLECT COD|TRUCK|ally blithe packages? ironic accou
139|14800|329|3|44|75451.20|0.05|0.08|R|F|1992-07-05|1992-05-30|1992-07-29|NONE|RAIL|. carefully silent acc
139|16374|173|4|49|63228.13|0.00|0.01|A|F|1992-05-25|1992-07-19|1992-05-28|TAKE BACK RETURN|RAIL|refully. final excuses wak
139|3786|40|5|40|67591.20|0.00|0.01|R|F|1992-06-16|1992-06-13|1992-07-16|DELIVER IN PERSON|FOB|kages wake. blithely express de
139|17771|573|6|5|8443.85|0.00|0.04|R|F|1992-06-10|1992-07-17|1992-06-17|NONE|MAIL|y even dependencies. rut
139|2887|888|7|37|66225.56|0.03|0.04|R|F|1992-05-24|1992-06-05|1992-06-23|DELIVER IN PERSON|FOB| theodolites. blithely
140|9078|338|1|34|33560.38|0.05|0.04|N|O|1998-04-12|1998-02-10|1998-05-12|DELIVER IN PERSON|REG AIR|. even instructions are. carefully reg
140|19651|459|2|43|67537.95|0.02|0.04|N|O|1998-02-19|1998-03-01|1998-03-07|NONE|REG AIR|s boost carefully flu
140|10409|670|3|32|42220.80|0.02|0.00|N|O|1998-02-04|1998-02-22|1998-02-26|COLLECT COD|RAIL|tect carefully bold, 
141|15208|209|1|6|6739.20|0.07|0.03|R|F|1994-08-12|1994-05-26|1994-08-16|NONE|TRUCK|unts cajole b
141|11856|118|2|47|83088.95|0.07|0.03|R|F|1994-05-26|1994-06-19|1994-06-17|NONE|RAIL|pending accounts cajole ca
141|17866|401|3|4|7135.44|0.04|0.03|A|F|1994-05-17|1994-07-11|1994-06-09|COLLECT COD|TRUCK|gside of the carefully i
141|1362|363|4|31|39164.16|0.10|0.07|R|F|1994-08-08|1994-06-01|1994-08-25|DELIVER IN PERSON|RAIL| haggle along
141|1573|825|5|21|30965.97|0.03|0.08|A|F|1994-08-15|1994-06-29|1994-09-06|NONE|REG AIR|horses. carefull
141|3212|719|6|20|22304.20|0.05|0.04|A|F|1994-08-21|1994-05-27|1994-09-15|NONE|SHIP|s. blithely regular excuses pl
142|7676|448|1|27|42759.09|0.00|0.02|A|F|1993-10-20|1993-12-24|1993-11-09|DELIVER IN PERSON|TRUCK|carefully even packages. blithe
142|15772|568|2|17|28692.09|0.05|0.07|A|F|1993-10-21|1994-01-01|1993-11-05|NONE|MAIL|ithely after the slyl
142|19689|497|3|38|61129.84|0.10|0.08|R|F|1994-01-18|1993-12-29|1994-02-11|NONE|MAIL|fluffily. furiously even gro
143|4686|941|1|2|3181.36|0.05|0.02|N|O|1997-07-15|1997-06-13|1997-07-22|DELIVER IN PERSON|MAIL| the quickly fluffy ideas engage blithel
143|5225|226|2|31|35036.82|0.07|0.02|N|O|1997-03-28|1997-06-12|1997-04-27|COLLECT COD|AIR|ts wake until the unusual requests. slyl
168|9661|662|1|46|72250.36|0.07|0.04|A|F|1994-02-21|1994-02-04|1994-03-19|NONE|FOB|s are instructions. quickl
168|3077|584|2|18|17641.26|0.04|0.06|A|F|1994-01-06|1994-01-21|1994-01-24|TAKE BACK RETURN|AIR|accounts. fluff
168|13227|228|3|45|51309.90|0.00|0.03|A|F|1994-02-13|1994-02-12|1994-03-02|DELIVER IN PERSON|SHIP|r the final, daring depos
168|18360|897|4|13|16618.68|0.06|0.00|R|F|1994-02-01|1994-01-31|1994-02-15|NONE|FOB|refully final fox
168|13531|795|5|38|54892.14|0.06|0.06|R|F|1994-01-12|1994-01-07|1994-01-27|TAKE BACK RETURN|MAIL|boldly ironic theodolites. blithely 
168|19086|625|6|27|27137.16|0.10|0.00|R|F|1994-01-16|1994-01-30|1994-01-30|TAKE BACK RETURN|FOB|ithely blithely pending requests. p
168|9639|899|7|2|3097.26|0.04|0.00|R|F|1993-11-25|1993-12-23|1993-12-23|COLLECT COD|SHIP|c excuses wake above t
169|18679|680|1|31|49527.77|0.04|0.01|N|O|1997-02-04|1997-02-22|1997-02-06|TAKE BACK RETURN|REG AIR|iously even accounts poach. 
169|16981|982|2|13|24673.74|0.09|0.07|N|O|1996-12-13|1997-02-11|1997-01-03|DELIVER IN PERSON|REG AIR|posits affix even requests. slyly expr
169|2989|242|3|5|9459.90|0.03|0.08|N|O|1997-01-02|1997-01-30|1997-01-28|DELIVER IN PERSON|TRUCK|lites are dependencies. packages ar
169|14966|231|4|30|56428.80|0.09|0.01|N|O|1996-12-13|1997-01-10|1996-12-30|DELIVER IN PERSON|RAIL|ages use blithely carefully unusual excus
169|7337|852|5|37|46040.21|0.07|0.08|N|O|1996-12-07|1997-02-05|1996-12-14|NONE|TRUCK|the fluffily special packages. de
169|8615|390|6|29|44184.69|0.04|0.07|N|O|1997-01-20|1997-01-10|1997-02-01|TAKE BACK RETURN|REG AIR|ages wake carefully
169|8176|951|7|32|34693.44|0.10|0.01|N|O|1997-03-14|1997-01-31|1997-03-28|NONE|MAIL|al requests alongside of the regular pint
170|5681|682|1|37|58707.16|0.10|0.04|A|F|1992-10-28|1992-08-08|1992-11-26|DELIVER IN PERSON|RAIL| theodolites. accoun
170|12131|132|2|17|17733.21|0.09|0.02|R|F|1992-07-23|1992-09-14|1992-08-12|TAKE BACK RETURN|FOB|l requests mold 
170|12017|18|3|41|38089.41|0.09|0.03|R|F|1992-07-20|1992-09-01|1992-07-22|TAKE BACK RETURN|REG AIR| final pinto be
170|3229|736|4|30|33966.60|0.05|0.06|R|F|1992-09-30|1992-08-23|1992-10-08|COLLECT COD|MAIL|n deposits. requ
170|16895|428|5|35|63416.15|0.05|0.04|R|F|1992-09-01|1992-09-29|1992-09-07|DELIVER IN PERSON|REG AIR| ideas nag quickly. slyly ironic deposits 
170|8991|508|6|48|91199.52|0.03|0.06|R|F|1992-09-14|1992-08-29|1992-09-16|NONE|FOB|slyly stealthy pinto beans are above the 
170|18535|804|7|41|59594.73|0.04|0.08|A|F|1992-10-22|1992-08-23|1992-11-02|NONE|RAIL|thless packages across t
171|3434|194|1|4|5349.72|0.09|0.03|N|O|1996-01-17|1996-01-14|1996-02-11|TAKE BACK RETURN|SHIP|ep carefully blith
171|2699|700|2|41|65669.29|0.02|0.06|N|O|1996-03-08|1996-02-29|1996-03-31|NONE|TRUCK|nly even acc
171|19984|254|3|28|53311.44|0.06|0.04|N|O|1996-03-29|1996-01-22|1996-04-11|DELIVER IN PERSON|AIR|onic, ironic packages haggle carefully ag
171|7190|705|4|9|9874.71|0.05|0.06|N|O|1996-03-16|1996-01-19|1996-04-13|TAKE BACK RETURN|SHIP|s use furiously 
171|8935|936|5|31|57161.83|0.06|0.02|N|O|1995-12-24|1996-02-20|1996-01-18|TAKE BACK RETURN|REG AIR|kly. unusu
171|5240|241|6|11|12597.64|0.07|0.02|N|O|1996-01-16|1996-01-31|1996-02-14|COLLECT COD|FOB|the carefully iron
172|12916|441|1|5|9144.55|0.01|0.06|N|O|1995-06-24|1995-06-25|1995-07-22|DELIVER IN PERSON|RAIL|counts. pending deposits do
173|16045|312|1|45|43246.80|0.03|0.06|A|F|1993-02-17|1993-02-08|1993-03-16|COLLECT COD|AIR| special accou
173|13062|326|2|42|40952.52|0.03|0.02|A|F|1993-04-02|1993-02-13|1993-04-18|DELIVER IN PERSON|REG AIR|etimes. theodolites cajole carefull
173|8829|88|3|25|43445.50|0.07|0.02|A|F|1993-03-13|1993-03-06|1993-04-10|NONE|REG AIR| carefully ruthless id
173|19672|942|4|18|28650.06|0.07|0.08|A|F|1993-01-20|1993-01-18|1993-02-18|DELIVER IN PERSON|TRUCK|multipliers cajole fluffily across the f
173|3631|885|5|4|6138.52|0.07|0.04|R|F|1992-12-24|1993-01-23|1992-12-25|COLLECT COD|AIR|ffix about the silent pinto bea
173|1885|388|6|47|83983.36|0.05|0.00|R|F|1993-02-24|1993-02-24|1993-03-26|COLLECT COD|FOB|nal gifts. blithely special platelets bo
173|17395|663|7|31|40684.09|0.04|0.08|R|F|1993-02-18|1993-01-30|1993-03-02|NONE|RAIL|even, even packages. regu
174|15588|384|1|21|31575.18|0.10|0.02|N|O|1996-09-30|1996-12-16|1996-10-30|COLLECT COD|TRUCK| deposits boost quickl
174|19969|508|2|40|75558.40|0.08|0.06|N|O|1997-01-10|1996-11-27|1997-02-08|NONE|RAIL|usual packages are among the bold, unu
174|15651|182|3|18|28199.70|0.04|0.04|N|O|1997-01-15|1996-11-21|1997-02-11|NONE|TRUCK|packages. carefully final accou
174|5470|471|4|31|42639.57|0.00|0.04|N|O|1996-12-09|1996-11-21|1997-01-05|COLLECT COD|TRUCK|sits haggle fluffily specia
175|9364|142|1|24|30560.64|0.03|0.03|R|F|1992-08-04|1992-08-19|1992-08-29|DELIVER IN PERSON|REG AIR|inal accounts. regular pinto 
175|17035|837|2|38|36177.14|0.00|0.02|A|F|1992-10-14|1992-08-29|1992-11-02|DELIVER IN PERSON|FOB|le slyly across the carefully ir
175|18205|742|3|43|48297.60|0.01|0.08|R|F|1992-10-04|1992-09-07|1992-10-23|TAKE BACK RETURN|AIR|jole finally. silent reques
175|16019|552|4|18|16830.18|0.09|0.04|A|F|1992-09-27|1992-09-27|1992-10-16|COLLECT COD|AIR|e furiously final a
200|19793|63|1|34|58234.86|0.07|0.04|A|F|1992-12-24|1992-11-21|1993-01-01|COLLECT COD|SHIP|lithely silent excuses
201|1150|904|1|1|1051.15|0.04|0.06|R|F|1992-08-26|1992-09-09|1992-08-30|NONE|RAIL|ial waters. fluffily even accou
201|3230|484|2|10|11332.30|0.05|0.05|A|F|1992-10-29|1992-09-26|1992-11-09|COLLECT COD|SHIP|lites around the slyly 
201|379|130|3|17|21749.29|0.10|0.03|A|F|1992-08-15|1992-10-28|1992-09-01|COLLECT COD|FOB|ess foxes affix blithely unusual ide
202|160|661|1|13|13782.08|0.02|0.08|N|O|1997-06-03|1997-06-02|1997-06-09|TAKE BACK RETURN|RAIL|s are above the regular
202|7383|641|2|25|32259.50|0.00|0.02|N|O|1997-04-09|1997-06-16|1997-04-22|TAKE BACK RETURN|SHIP|e according to the idly unusual accounts. 
202|3250|504|3|20|23065.00|0.07|0.06|N|O|1997-06-23|1997-05-07|1997-06-25|DELIVER IN PERSON|REG AIR|ly express pinto beans about the bol
203|4852|615|1|32|56219.20|0.07|0.05|R|F|1994-09-03|1994-07-12|1994-10-02|NONE|SHIP|the regular dep
203|17278|279|2|28|33467.56|0.07|0.02|R|F|1994-06-01|1994-07-24|1994-06-15|DELIVER IN PERSON|TRUCK| slyly bold deposits; 
203|8659|918|3|23|36055.95|0.08|0.07|R|F|1994-06-16|1994-08-25|1994-07-08|DELIVER IN PERSON|REG AIR|es was slyly furious
203|5715|971|4|13|21069.23|0.10|0.00|A|F|1994-08-15|1994-06-30|1994-08-22|DELIVER IN PERSON|SHIP| final request
203|6929|186|5|32|58749.44|0.09|0.04|R|F|1994-08-12|1994-07-12|1994-08-16|DELIVER IN PERSON|SHIP|efully final orbits haggle 
203|14914|443|6|32|58525.12|0.03|0.03|R|F|1994-09-12|1994-07-08|1994-10-12|NONE|SHIP|ss accounts are! fluffily
203|14727|728|7|39|64027.08|0.01|0.00|R|F|1994-07-02|1994-07-09|1994-07-28|TAKE BACK RETURN|AIR|near the slyly even deposits. ca
204|12973|760|1|32|60351.04|0.09|0.00|N|O|1996-05-26|1996-04-23|1996-06-19|DELIVER IN PERSON|REG AIR|y fluffily ironic asymptotes. 
205|1824|825|1|8|13806.56|0.09|0.05|A|F|1993-10-12|1993-09-06|1993-10-30|DELIVER IN PERSON|FOB|eep furiously even requests. quick
205|8552|69|2|41|59882.55|0.04|0.00|A|F|1993-08-01|1993-08-03|1993-08-03|NONE|TRUCK|sts about t
205|2112|113|3|2|2028.22|0.03|0.07|A|F|1993-08-21|1993-09-17|1993-08-29|NONE|TRUCK|st furiously furiously unusual packa
205|2161|162|4|38|40400.08|0.01|0.07|R|F|1993-10-21|1993-09-08|1993-11-17|TAKE BACK RETURN|REG AIR| the blithely
205|11419|203|5|11|14634.51|0.01|0.07|A|F|1993-09-11|1993-08-18|1993-09-13|NONE|TRUCK|sleep furiously. regular, regular pack
206|18326|595|1|30|37329.60|0.05|0.01|A|F|1994-04-03|1994-04-20|1994-04-16|COLLECT COD|MAIL|sual pinto beans
206|13879|406|2|10|17928.70|0.02|0.04|R|F|1994-05-04|1994-04-21|1994-05-24|DELIVER IN PERSON|AIR| according to the q
206|14868|133|3|37|65965.82|0.02|0.00|R|F|1994-06-21|1994-04-05|1994-07-19|DELIVER IN PERSON|SHIP|. furiousl
207|6274|43|1|10|11802.70|0.08|0.01|R|F|1994-10-01|1994-08-07|1994-10-31|COLLECT COD|REG AIR| deposits are bl
232|17200|2|1|38|42453.60|0.10|0.06|N|O|1998-02-06|1997-12-13|1998-03-02|COLLECT COD|MAIL|furiously. carefully final dol
232|18634|635|2|18|27947.34|0.08|0.08|N|O|1997-12-10|1998-01-20|1998-01-03|NONE|AIR|e blithely. ironic, 
232|16248|249|3|9|10478.16|0.02|0.04|N|O|1998-02-16|1998-01-03|1998-03-13|COLLECT COD|TRUCK|dencies. final, unusual d
232|4244|753|4|19|21816.56|0.03|0.03|N|O|1997-11-13|1997-12-10|1997-12-05|DELIVER IN PERSON|MAIL|carefully furiously quiet deposits. furiou
232|5586|352|5|38|56680.04|0.05|0.08|N|O|1998-02-13|1998-01-20|1998-02-15|TAKE BACK RETURN|SHIP|n deposits. slyly regular fra
232|16615|148|6|13|19910.93|0.02|0.07|N|O|1997-11-26|1998-01-28|1997-11-28|COLLECT COD|FOB|thely. furiously regular depo
232|1852|104|7|25|43846.25|0.02|0.05|N|O|1998-01-28|1997-12-24|1998-02-10|NONE|RAIL|: regular ideas
233|19376|915|1|20|25907.40|0.03|0.03|N|O|1996-10-13|1996-11-25|1996-10-30|DELIVER IN PERSON|SHIP|yly regular theodolites boost about the f
233|9709|710|2|3|4856.10|0.08|0.00|N|O|1996-11-19|1996-12-24|1996-12-03|DELIVER IN PERSON|REG AIR|sly ironic requests. slyly ruthless packag
234|19876|415|1|46|82610.02|0.02|0.07|N|O|1996-06-30|1996-09-09|1996-07-17|DELIVER IN PERSON|FOB|into beans n
234|10730|511|2|2|3281.46|0.10|0.06|N|O|1996-08-06|1996-08-19|1996-08-12|COLLECT COD|AIR|unts grow furiously blithely 
234|4411|666|3|10|13154.10|0.05|0.06|N|O|1996-08-18|1996-07-29|1996-09-07|NONE|TRUCK|across the 
234|13770|34|4|21|35359.17|0.03|0.03|N|O|1996-07-22|1996-08-03|1996-07-25|DELIVER IN PERSON|REG AIR| quickly unusual packages cajole quic
234|1409|912|5|30|39312.00|0.07|0.08|N|O|1996-08-03|1996-08-08|1996-08-11|COLLECT COD|AIR|ffy accounts sleep quickly d
234|15536|67|6|37|53706.61|0.06|0.05|N|O|1996-09-09|1996-09-10|1996-10-08|TAKE BACK RETURN|TRUCK|uctions integ
234|883|134|7|2|3567.76|0.08|0.00|N|O|1996-06-29|1996-08-11|1996-07-24|NONE|AIR|nic, bold requests. asymptotes across the
235|9859|378|1|40|70754.00|0.00|0.04|R|F|1993-03-22|1993-01-06|1993-04-10|TAKE BACK RETURN|AIR|eposits sleep carefully
235|10166|947|2|12|12913.92|0.06|0.03|R|F|1993-01-20|1993-02-04|1993-02-09|DELIVER IN PERSON|TRUCK|according to the instructions 
235|9604|605|3|19|28758.40|0.07|0.02|R|F|1993-02-08|1993-03-02|1993-02-10|COLLECT COD|FOB| are furio
236|19676|484|1|22|35104.74|0.10|0.04|A|F|1992-03-07|1992-04-13|1992-03-31|DELIVER IN PERSON|SHIP|as nag fluffily foxes. ironic pinto 
236|8971|746|2|18|33839.46|0.07|0.04|A|F|1992-03-05|1992-04-30|1992-03-09|DELIVER IN PERSON|REG AIR|against the quick
236|11417|940|3|30|39852.30|0.06|0.08|R|F|1992-05-03|1992-04-09|1992-05-29|DELIVER IN PERSON|SHIP|sleep blith
236|19549|88|4|49|71958.46|0.04|0.04|A|F|1992-04-04|1992-03-31|1992-04-22|NONE|TRUCK|fily after 
236|7944|716|5|32|59262.08|0.09|0.00|R|F|1992-03-12|1992-05-28|1992-03-14|NONE|RAIL|ven pinto beans. dependencies sleep furiou
237|6858|859|1|19|33532.15|0.04|0.04|N|O|1995-11-29|1995-12-05|1995-12-10|COLLECT COD|REG AIR|ents nag: requests are slyly final, even 
237|8943|202|2|44|81485.36|0.06|0.00|N|O|1995-11-07|1995-10-25|1995-11-26|COLLECT COD|RAIL| the pending, bold i
237|19614|884|3|24|36806.64|0.04|0.01|N|O|1995-10-12|1995-11-30|1995-11-05|DELIVER IN PERSON|RAIL| final accounts boost
237|9728|988|4|49|80248.28|0.01|0.04|N|O|1995-12-18|1995-11-10|1996-01-15|TAKE BACK RETURN|REG AIR|es. slyly ironic requests 
237|13159|423|5|36|38597.40|0.08|0.03|N|O|1995-09-27|1995-12-05|1995-10-02|NONE|REG AIR|xpress deposits. carefully final excuses al
237|8500|501|6|50|70425.00|0.00|0.00|N|O|1995-11-08|1995-11-15|1995-11-09|COLLECT COD|FOB|ieve against the final, quiet theodolites. 
238|8198|973|1|48|53097.12|0.08|0.08|R|F|1993-10-22|1993-09-18|1993-11-07|COLLECT COD|MAIL|s. even, bold foxes doubt blithe
238|3531|38|2|47|67422.91|0.10|0.01|A|F|1993-09-13|1993-08-28|1993-09-20|NONE|AIR|al, special deposits 
238|15527|58|3|8|11540.16|0.09|0.03|R|F|1993-10-29|1993-08-22|1993-10-30|DELIVER IN PERSON|MAIL|sts alongsi
238|1816|319|4|32|54969.92|0.05|0.01|A|F|1993-11-05|1993-09-19|1993-11-18|NONE|TRUCK|arefully thin deposits sleep slyly 
238|9640|900|5|28|43389.92|0.05|0.06|A|F|1993-10-23|1993-08-31|1993-10-25|COLLECT COD|RAIL|iously ironic reques
238|8972|489|6|16|30095.52|0.08|0.00|A|F|1993-11-18|1993-09-05|1993-11-22|TAKE BACK RETURN|REG AIR|as are slyly carefully regular 
239|9324|325|1|26|32066.32|0.05|0.00|A|F|1992-07-16|1992-05-12|1992-08-07|NONE|AIR|lphins are slyly across the platelets. r
239|7409|410|2|46|60554.40|0.05|0.08|A|F|1992-04-28|1992-06-24|1992-05-02|TAKE BACK RETURN|FOB|across the regular ideas affix quickly fluf
239|8220|479|3|14|15795.08|0.03|0.05|R|F|1992-04-18|1992-06-14|1992-04-23|TAKE BACK RETURN|AIR|ackages sleep around the slyly
239|13083|610|4|22|21913.76|0.10|0.00|A|F|1992-04-23|1992-05-12|1992-05-14|NONE|AIR|ing, even requests breach about t
239|14669|670|5|48|76015.68|0.09|0.02|R|F|1992-04-09|1992-05-29|1992-05-08|TAKE BACK RETURN|MAIL|totes! ironic, final
264|9257|35|1|25|29156.25|0.03|0.03|A|F|1992-10-16|1992-10-16|1992-11-14|NONE|AIR|nto beans. quickly special theo
264|11471|733|2|36|49768.92|0.09|0.05|A|F|1992-10-12|1992-10-26|1992-10-31|DELIVER IN PERSON|TRUCK|uffily. slyly regular 
264|589|340|3|32|47666.56|0.04|0.07|R|F|1992-09-13|1992-09-08|1992-10-11|DELIVER IN PERSON|MAIL|kages. slyly regu
265|1693|945|1|7|11162.83|0.08|0.03|N|O|1996-11-07|1996-08-30|1996-11-24|NONE|MAIL|s deposits above the slyly final excu
266|3290|50|1|35|41765.15|0.08|0.07|A|F|1994-08-13|1994-09-22|1994-08-22|COLLECT COD|AIR| furiously slyly unusual foxes. furiou
267|15340|341|1|34|42681.56|0.09|0.03|R|F|1995-04-20|1995-04-04|1995-05-14|COLLECT COD|MAIL|anently even reques
267|15826|357|2|30|52254.60|0.08|0.02|R|F|1995-04-10|1995-03-25|1995-05-06|NONE|MAIL|r packages wake furiousl
267|5065|66|3|36|34922.16|0.04|0.00|A|F|1995-05-31|1995-03-17|1995-06-09|DELIVER IN PERSON|RAIL|gouts-- quickly sp
267|569|320|4|38|55843.28|0.07|0.07|R|F|1995-04-10|1995-03-23|1995-04-21|DELIVER IN PERSON|REG AIR|ilent, ruthless ide
267|9239|758|5|50|57411.50|0.05|0.02|A|F|1995-03-17|1995-05-05|1995-04-09|TAKE BACK RETURN|FOB|cial requests ar
267|3289|543|6|45|53652.60|0.05|0.07|R|F|1995-05-16|1995-05-06|1995-05-18|COLLECT COD|TRUCK|ing foxes. furiously iro
268|825|326|1|35|60403.70|0.10|0.05|N|O|1997-05-24|1997-04-12|1997-06-21|NONE|REG AIR|ing deposits wake dog
268|19095|365|2|47|47662.23|0.04|0.07|N|O|1997-07-01|1997-04-17|1997-07-20|COLLECT COD|TRUCK|ndencies. furiously final tithe
269|4221|730|1|26|29255.72|0.04|0.01|R|F|1995-04-04|1995-05-18|1995-05-04|NONE|TRUCK|ithely final ideas. blithely eve
269|2317|318|2|14|17070.34|0.02|0.05|R|F|1995-04-14|1995-04-14|1995-04-16|DELIVER IN PERSON|RAIL|kages cajole accord
269|5931|442|3|34|62455.62|0.08|0.03|A|F|1995-04-01|1995-04-09|1995-04-18|TAKE BACK RETURN|AIR|al pinto beans nag instructions. car
269|10480|741|4|4|5561.92|0.04|0.00|R|F|1995-05-29|1995-05-16|1995-06-12|COLLECT COD|FOB|counts: warhorses use carefully.
269|6922|691|5|7|12802.44|0.03|0.06|A|F|1995-04-02|1995-05-10|1995-04-03|NONE|AIR|ts. slyly final 
270|17211|13|1|23|25948.83|0.04|0.05|N|O|1997-04-22|1997-05-01|1997-05-09|DELIVER IN PERSON|FOB|ly fluffily ironic packages. fluffily re
270|11816|339|2|49|84662.69|0.08|0.03|N|O|1997-04-17|1997-05-25|1997-04-27|DELIVER IN PERSON|MAIL|hless packages nag slyly. furiously 
270|7054|826|3|49|47091.45|0.06|0.05|N|O|1997-06-29|1997-05-10|1997-07-10|TAKE BACK RETURN|TRUCK| after the reque
270|13926|190|4|18|33118.56|0.08|0.00|N|O|1997-03-19|1997-05-04|1997-04-13|DELIVER IN PERSON|FOB|s. regular, express requests 
270|4878|133|5|6|10697.22|0.01|0.03|N|O|1997-05-05|1997-04-24|1997-05-16|COLLECT COD|RAIL|the furiously express instructions. quickly
270|700|201|6|16|25611.20|0.06|0.06|N|O|1997-03-10|1997-04-08|1997-03-17|NONE|REG AIR|express foxes are re
271|3585|586|1|32|47634.56|0.07|0.07|N|O|1996-02-29|1996-03-29|1996-03-10|NONE|FOB|ainst the carefully regu
271|1741|244|2|26|42711.24|0.01|0.01|N|O|1996-03-29|1996-03-21|1996-04-24|TAKE BACK RETURN|REG AIR|ackages. evenly u
271|10736|517|3|45|74102.85|0.10|0.03|N|O|1996-03-11|1996-04-25|1996-04-03|NONE|MAIL|eep according to
271|8552|327|4|44|64264.20|0.01|0.05|N|O|1996-04-16|1996-04-14|1996-04-29|NONE|TRUCK|tions. blithely thin ideas boost around the
271|17671|939|5|41|65135.47|0.10|0.07|N|O|1996-04-03|1996-04-29|1996-05-03|NONE|RAIL|ckages. instructions instea
271|7620|135|6|2|3055.24|0.06|0.01|N|O|1996-05-10|1996-04-23|1996-05-13|COLLECT COD|MAIL|ly unusual theo
271|959|710|7|23|42778.85|0.05|0.08|N|O|1996-03-02|1996-04-02|1996-03-19|COLLECT COD|REG AIR| above the carefully final 
296|12229|492|1|14|15977.08|0.04|0.03|N|O|1996-02-12|1996-03-02|1996-03-04|DELIVER IN PERSON|TRUCK|y ironic forges. carefully ironic ide
296|10859|120|2|39|69024.15|0.02|0.03|N|O|1996-01-22|1996-02-07|1996-02-20|TAKE BACK RETURN|AIR|ven accounts. furiously unusual
296|884|385|3|46|82104.48|0.09|0.02|N|O|1996-01-07|1996-03-12|1996-01-12|DELIVER IN PERSON|FOB|ss the closely regular pa
297|7851|366|1|3|5276.55|0.02|0.05|R|F|1992-10-30|1992-12-21|1992-11-22|TAKE BACK RETURN|TRUCK|furiously according to the fur
298|11552|553|1|47|68786.85|0.03|0.01|N|O|1996-04-29|1996-07-14|1996-05-16|NONE|AIR|o beans. slyly final dolphins are blithel
298|11060|844|2|22|21363.32|0.02|0.03|N|O|1996-06-30|1996-06-28|1996-07-28|TAKE BACK RETURN|REG AIR|o the unusual p
298|10915|696|3|20|36518.20|0.04|0.00|N|O|1996-08-08|1996-07-22|1996-08-15|TAKE BACK RETURN|REG AIR|ests sleep
298|17092|627|4|18|18163.62|0.05|0.01|N|O|1996-07-23|1996-06-16|1996-07-26|COLLECT COD|TRUCK|equests? blith
298|1411|663|5|23|30185.43|0.01|0.00|N|O|1996-06-13|1996-07-17|1996-06-15|TAKE BACK RETURN|SHIP|ial, regular dependencies affix. silently
298|18897|434|6|14|25422.46|0.06|0.05|N|O|1996-06-30|1996-06-26|1996-07-28|NONE|MAIL|s haggle blithely across the fluf
298|15919|185|7|32|58717.12|0.06|0.02|N|O|1996-05-25|1996-07-17|1996-06-03|COLLECT COD|AIR| ironic packag
299|1521|773|1|31|44098.12|0.03|0.07|R|F|1993-12-02|1993-12-22|1993-12-04|NONE|FOB| theodolites boost carefully. a
300|583|84|1|17|25220.86|0.04|0.03|R|F|1993-11-29|1994-01-06|1993-12-08|NONE|SHIP|ages. furiously ironic theodolite
300|7332|590|2|34|42137.22|0.10|0.03|A|F|1993-11-30|1994-01-02|1993-12-26|TAKE BACK RETURN|AIR| ruthlessly express accounts along the unu
301|923|424|1|40|72956.80|0.02|0.08|N|O|1996-01-27|1996-01-25|1996-02-22|TAKE BACK RETURN|SHIP|ans nag blithely. carefully ex
301|7721|493|2|35|57005.20|0.08|0.03|N|O|1996-02-19|1996-02-03|1996-02-24|TAKE BACK RETURN|REG AIR|accounts. final requests cajole furiously 
302|3918|425|1|19|34616.29|0.09|0.04|R|F|1994-12-26|1994-11-07|1995-01-08|DELIVER IN PERSON|RAIL|e above the furiously ironic reques
303|591|592|1|4|5966.36|0.01|0.02|A|F|1993-12-22|1993-12-31|1994-01-11|COLLECT COD|RAIL| beneath the sl
303|18069|338|2|42|41456.52|0.08|0.01|A|F|1994-01-18|1994-01-29|1994-01-29|COLLECT COD|AIR|are at the foxe
303|19908|909|3|23|42041.70|0.02|0.02|R|F|1994-01-23|1994-01-27|1994-02-18|NONE|MAIL|ing theodolites hang ar
303|12758|21|4|11|18378.25|0.10|0.08|A|F|1994-01-12|1994-02-01|1994-02-07|NONE|TRUCK|accounts bel
328|4301|302|1|13|15668.90|0.01|0.05|N|O|1998-03-31|1998-04-12|1998-04-03|TAKE BACK RETURN|REG AIR|e slyly close pinto beans. sometim
328|18425|694|2|33|44332.86|0.04|0.05|N|O|1998-06-08|1998-05-03|1998-06-22|COLLECT COD|REG AIR|ctions wake blithely fina
328|1908|909|3|48|86875.20|0.07|0.00|N|O|1998-03-06|1998-04-06|1998-03-31|DELIVER IN PERSON|FOB|s sleep blithely express 
329|18578|847|1|20|29931.40|0.03|0.03|N|O|1995-08-29|1995-08-17|1995-09-16|DELIVER IN PERSON|FOB|requests detect ironically u
329|15220|16|2|50|56761.00|0.08|0.04|N|O|1995-08-26|1995-09-28|1995-09-10|TAKE BACK RETURN|TRUCK|e blithely. furiously silent deposits a
329|7889|404|3|27|48515.76|0.01|0.08|N|O|1995-09-04|1995-09-02|1995-10-02|NONE|MAIL|eposits sleep care
329|2183|940|4|16|17362.88|0.06|0.08|N|O|1995-11-14|1995-09-25|1995-12-08|DELIVER IN PERSON|AIR| deposits. quickly even t
330|13499|763|1|12|16949.88|0.09|0.04|R|F|1993-06-10|1993-07-20|1993-06-20|DELIVER IN PERSON|AIR|lyly final requests? regular instru
330|8991|250|2|41|77899.59|0.09|0.00|R|F|1993-07-28|1993-07-09|1993-08-14|DELIVER IN PERSON|REG AIR|s haggle. regular d
330|2696|453|3|11|17585.59|0.06|0.05|A|F|1993-05-14|1993-06-12|1993-06-08|NONE|MAIL|eat quickly final pinto beans. instruc
330|19445|984|4|40|54577.60|0.10|0.02|R|F|1993-05-23|1993-06-04|1993-06-10|DELIVER IN PERSON|REG AIR|ss requests. quickly even platelets 
330|2937|694|5|15|27598.95|0.06|0.01|R|F|1993-07-31|1993-07-04|1993-08-19|DELIVER IN PERSON|TRUCK| regular packages alongside of the expres
331|5155|666|1|1|1060.15|0.03|0.07|A|F|1993-08-04|1993-08-11|1993-08-14|DELIVER IN PERSON|MAIL|ar accounts ab
331|17922|923|2|25|45998.00|0.10|0.06|R|F|1993-09-01|1993-08-01|1993-09-23|TAKE BACK RETURN|SHIP| braids sleep carefully furi
331|18360|897|3|25|31959.00|0.02|0.03|A|F|1993-09-16|1993-08-04|1993-10-08|NONE|MAIL|s. express acco
331|1229|732|4|32|36167.04|0.03|0.01|R|F|1993-08-31|1993-07-01|1993-09-04|DELIVER IN PERSON|AIR|. enticing, bold courts
331|98|349|5|27|26948.43|0.10|0.08|A|F|1993-06-30|1993-07-09|1993-07-13|TAKE BACK RETURN|TRUCK|iously even requests. f
332|1471|225|1|18|24704.46|0.10|0.08|N|O|1997-02-14|1997-03-02|1997-03-11|TAKE BACK RETURN|REG AIR|theodolites wake slyly pending 
332|9803|581|2|8|13702.40|0.00|0.03|N|O|1997-01-29|1997-01-18|1997-02-06|DELIVER IN PERSON|RAIL|ely bold pinto beans boost c
332|7416|931|3|29|38378.89|0.06|0.07|N|O|1997-01-01|1997-03-16|1997-01-02|NONE|FOB| dolphins boost. final pint
332|7043|301|4|3|2850.12|0.01|0.01|N|O|1997-04-14|1997-03-11|1997-05-06|TAKE BACK RETURN|TRUCK| deposits accordin
333|2312|817|1|6|7285.86|0.08|0.02|N|O|1997-06-22|1997-08-31|1997-07-02|TAKE BACK RETURN|FOB|osits wake fluf
333|10828|609|2|29|50425.78|0.03|0.07|N|O|1997-07-14|1997-07-27|1997-08-12|NONE|TRUCK|eposits sleep above the fina
333|711|712|3|36|58021.56|0.02|0.05|N|O|1997-06-17|1997-09-01|1997-07-12|COLLECT COD|REG AIR|silent deposits are blithely acc
333|2690|447|4|7|11148.83|0.07|0.03|N|O|1997-10-08|1997-08-22|1997-10-30|NONE|AIR|finally ironic foxes. packages across the
334|6975|232|1|15|28229.55|0.03|0.08|R|F|1994-07-01|1994-07-10|1994-07-17|DELIVER IN PERSON|TRUCK|warhorses nag fluffily unusual deposits.
335|4311|566|1|2|2430.62|0.06|0.00|N|O|1997-04-25|1997-04-12|1997-05-06|NONE|RAIL|al theodoli
335|7540|798|2|11|15922.94|0.01|0.03|N|O|1997-04-02|1997-04-22|1997-04-26|DELIVER IN PERSON|TRUCK|nstructions wake 
335|12526|527|3|21|30208.92|0.02|0.08|N|O|1997-06-03|1997-03-28|1997-06-15|COLLECT COD|REG AIR|dependencies d
335|1066|67|4|37|35781.22|0.01|0.01|N|O|1997-05-16|1997-05-16|1997-06-13|DELIVER IN PERSON|RAIL|ar, even forges are furi
335|15055|586|5|2|1940.10|0.01|0.03|N|O|1997-05-18|1997-05-09|1997-06-17|DELIVER IN PERSON|RAIL|s. regular instruct
360|13700|964|1|13|20978.10|0.09|0.03|R|F|1992-05-21|1992-05-08|1992-06-15|TAKE BACK RETURN|REG AIR|s. final packages doze. pa
360|1258|761|2|11|12751.75|0.01|0.02|A|F|1992-06-29|1992-05-09|1992-07-14|DELIVER IN PERSON|MAIL|es against the pending, bold dept
361|18726|263|1|25|41118.00|0.06|0.04|R|F|1993-11-13|1994-01-15|1993-11-17|COLLECT COD|FOB|c packages haggle carefully accounts. slyly
361|5109|875|2|40|40564.00|0.02|0.00|A|F|1994-01-04|1993-12-28|1994-01-20|COLLECT COD|FOB|ding to the furiously bold asymptotes
361|13977|241|3|19|35928.43|0.01|0.08|A|F|1994-01-11|1993-12-25|1994-02-02|NONE|SHIP|even pinto beans a
361|10104|885|4|12|12169.20|0.07|0.06|R|F|1993-11-21|1994-01-20|1993-12-20|COLLECT COD|FOB|fily regular foxes along the final in
361|7808|580|5|37|63484.60|0.04|0.06|R|F|1994-03-13|1994-01-13|1994-04-04|DELIVER IN PERSON|RAIL| slyly quick instructions; bold d
362|15687|483|1|14|22437.52|0.01|0.02|N|F|1995-06-06|1995-07-01|1995-06-30|TAKE BACK RETURN|RAIL|ickly among the ironic,
362|2457|710|2|3|4078.35|0.00|0.02|N|O|1995-06-25|1995-07-16|1995-07-15|DELIVER IN PERSON|REG AIR|osits. slyly final 
362|14131|660|3|42|43895.46|0.06|0.01|N|O|1995-07-27|1995-08-12|1995-08-16|DELIVER IN PERSON|REG AIR| deposits alongside of the unusual court
362|10746|527|4|2|3313.48|0.05|0.04|N|F|1995-06-11|1995-08-02|1995-07-04|DELIVER IN PERSON|TRUCK|y instructions. b
363|11662|185|1|29|45636.14|0.04|0.02|N|O|1995-11-09|1995-12-15|1995-12-01|TAKE BACK RETURN|MAIL| unusual accounts detect along th
363|17025|26|2|13|12246.26|0.03|0.03|N|O|1995-10-16|1995-12-18|1995-10-26|DELIVER IN PERSON|AIR|haggle regularly amon
363|18161|966|3|37|39928.92|0.03|0.05|N|O|1995-12-29|1995-11-24|1996-01-22|NONE|SHIP| bold packages are special requests.
364|15220|486|1|13|14757.86|0.06|0.04|R|F|1993-01-06|1993-01-12|1993-01-28|NONE|MAIL|, ironic senti
364|1021|273|2|16|14752.32|0.00|0.03|A|F|1993-03-20|1993-02-07|1993-04-19|COLLECT COD|RAIL|gly unusual accounts. regular acc
364|17330|598|3|25|31183.25|0.02|0.05|A|F|1993-02-22|1993-01-22|1993-03-14|NONE|TRUCK|Tiresias acco
364|2521|278|4|16|22776.32|0.08|0.08|R|F|1993-03-11|1993-01-29|1993-03-16|TAKE BACK RETURN|TRUCK|lose deposits affix regul
365|7975|976|1|45|84733.65|0.03|0.05|R|F|1992-08-07|1992-08-19|1992-08-14|COLLECT COD|SHIP|bout the sp
365|10536|57|2|6|8679.18|0.01|0.02|R|F|1992-08-31|1992-09-19|1992-09-10|DELIVER IN PERSON|MAIL|. express packages doubt against the s
365|11642|165|3|5|7768.20|0.01|0.03|A|F|1992-08-11|1992-09-14|1992-08-26|TAKE BACK RETURN|AIR|ackages. carefully regular 
365|229|480|4|42|47427.24|0.05|0.01|A|F|1992-07-19|1992-09-09|1992-08-01|DELIVER IN PERSON|MAIL| should haggle slyly doggedly
365|16232|31|5|15|17223.45|0.00|0.00|A|F|1992-09-19|1992-09-30|1992-10-03|TAKE BACK RETURN|REG AIR|accounts after the sl
365|8770|29|6|4|6715.08|0.06|0.08|A|F|1992-10-19|1992-08-17|1992-11-09|DELIVER IN PERSON|REG AIR|the carefully regular foxes. regular, sil
366|8540|541|1|31|44904.74|0.04|0.05|N|O|1995-09-23|1995-09-04|1995-10-04|DELIVER IN PERSON|AIR|ag quickly. ruthless id
366|4845|354|2|49|85742.16|0.01|0.07|N|O|1995-07-13|1995-08-16|1995-08-03|TAKE BACK RETURN|FOB|long the even deposits. iron
366|16965|232|3|46|86570.16|0.02|0.01|N|O|1995-10-05|1995-07-08|1995-10-29|TAKE BACK RETURN|AIR| integrate f
366|1919|920|4|17|30955.47|0.07|0.08|N|O|1995-10-02|1995-08-01|1995-10-07|TAKE BACK RETURN|AIR|, regular accounts haggle sl
366|1106|107|5|48|48340.80|0.04|0.08|N|O|1995-09-16|1995-08-01|1995-10-06|TAKE BACK RETURN|TRUCK|ole furiously. silent att
366|1008|260|6|40|36360.00|0.05|0.07|N|F|1995-06-12|1995-08-11|1995-06-27|NONE|REG AIR|. furiously pending dependencie
366|72|573|7|25|24301.75|0.05|0.00|N|O|1995-07-03|1995-07-14|1995-08-01|DELIVER IN PERSON|TRUCK|ending foxes doze enticingly. 
367|14569|362|1|17|25220.52|0.03|0.02|A|F|1994-02-03|1993-12-08|1994-02-17|TAKE BACK RETURN|REG AIR|s courts. regular packages against 
367|4556|557|2|17|24829.35|0.07|0.05|A|F|1993-11-28|1993-11-27|1993-12-08|TAKE BACK RETURN|RAIL|furiously. ironic
367|6291|804|3|48|57469.92|0.03|0.08|A|F|1993-11-01|1994-01-02|1993-11-30|DELIVER IN PERSON|REG AIR|egular deposits belie
367|4987|242|4|9|17027.82|0.06|0.05|A|F|1993-12-24|1993-12-28|1994-01-07|NONE|TRUCK|ding to the slyly unusu
392|690|441|1|23|36585.87|0.01|0.01|R|F|1994-08-01|1994-07-19|1994-08-29|COLLECT COD|FOB|ar deposits nag. special, pendin
393|9304|823|1|25|30332.50|0.02|0.07|N|O|1998-02-28|1997-12-31|1998-03-17|COLLECT COD|RAIL| final, special ins
393|1588|342|2|44|65541.52|0.02|0.02|N|O|1997-11-04|1997-12-17|1997-11-23|COLLECT COD|REG AIR|uickly pending foxes integrate furiously sp
393|591|92|3|6|8949.54|0.06|0.04|N|O|1998-01-15|1997-12-19|1998-02-10|COLLECT COD|AIR|haggle quickly am
393|2953|710|4|30|55678.50|0.06|0.00|N|O|1997-12-01|1997-12-18|1997-12-31|NONE|TRUCK|luffily final p
393|4750|751|5|29|47987.75|0.02|0.04|N|O|1997-12-26|1998-01-03|1998-01-21|DELIVER IN PERSON|RAIL| integrate bli
394|7618|619|1|21|32037.81|0.00|0.00|R|F|1994-03-16|1994-05-13|1994-03-31|TAKE BACK RETURN|MAIL|ously express foxes boost fluffily spec
394|7772|30|2|47|78949.19|0.04|0.07|R|F|1994-06-16|1994-04-10|1994-06-28|DELIVER IN PERSON|MAIL| blithely. pains ab
394|2023|276|3|35|32375.70|0.07|0.02|R|F|1994-04-16|1994-05-19|1994-05-13|TAKE BACK RETURN|SHIP|pinto beans? slyly ironic accounts alon
394|17163|431|4|7|7561.12|0.05|0.08|R|F|1994-06-24|1994-05-09|1994-07-15|COLLECT COD|MAIL|cross the i
394|10037|298|5|49|46404.47|0.08|0.02|R|F|1994-07-01|1994-04-02|1994-07-29|TAKE BACK RETURN|AIR|ests to the carefully fin
395|17674|476|1|43|68441.81|0.05|0.01|N|O|1996-12-29|1997-02-15|1997-01-06|TAKE BACK RETURN|SHIP|out the final Tiresias. furiously fi
395|2883|388|2|16|28574.08|0.08|0.05|N|O|1997-02-14|1997-03-03|1997-02-24|DELIVER IN PERSON|MAIL|tes haggle car
395|12958|221|3|48|89805.60|0.05|0.04|N|O|1996-12-22|1997-03-01|1997-01-10|TAKE BACK RETURN|TRUCK|ost blithely. pending, regular
395|17418|220|4|30|40062.30|0.09|0.00|N|O|1997-03-02|1997-02-16|1997-03-15|TAKE BACK RETURN|RAIL|al sauternes. requests
395|1998|999|5|25|47499.75|0.02|0.07|N|O|1997-03-15|1997-01-20|1997-04-04|TAKE BACK RETURN|SHIP|gular foxes mold a
396|17531|66|1|27|39110.31|0.05|0.00|A|F|1995-02-03|1995-03-23|1995-02-25|NONE|REG AIR|sly regular requests sleep carefully bu
396|10685|206|2|26|41487.68|0.10|0.06|R|F|1995-02-13|1995-03-16|1995-03-15|COLLECT COD|AIR|ts boost ironic, iro
396|1446|698|3|36|48507.84|0.07|0.03|R|F|1995-04-11|1995-03-29|1995-05-02|NONE|RAIL|ctions haggle sl
396|2634|635|4|7|10756.41|0.07|0.01|R|F|1995-01-09|1995-02-22|1995-01-24|DELIVER IN PERSON|FOB| carefully. blithely even Tiresias 
396|7680|452|5|28|44455.04|0.03|0.07|A|F|1995-04-25|1995-02-11|1995-05-08|COLLECT COD|RAIL|maintain fl
396|9035|813|6|17|16048.51|0.08|0.08|A|F|1995-04-09|1995-03-17|1995-05-05|DELIVER IN PERSON|MAIL|nusual packages 
397|19721|529|1|12|19688.64|0.03|0.04|N|O|1996-08-29|1996-07-18|1996-09-07|TAKE BACK RETURN|TRUCK|uctions. blithely unusual ideas sleep f
397|18645|914|2|19|29709.16|0.05|0.05|N|O|1996-09-17|1996-07-18|1996-09-22|DELIVER IN PERSON|SHIP|efully daring instru
397|16745|12|3|37|61484.38|0.04|0.03|N|O|1996-07-11|1996-07-26|1996-08-02|NONE|REG AIR|ial accounts across the furiously ironic ac
397|18160|697|4|38|40970.08|0.07|0.00|N|O|1996-08-15|1996-07-22|1996-09-11|COLLECT COD|REG AIR|haggle furiously pending in
397|9338|339|5|40|49893.20|0.01|0.06|N|O|1996-07-17|1996-07-26|1996-08-12|TAKE BACK RETURN|MAIL|e of the slyly special th
397|17840|375|6|9|15820.56|0.01|0.08|N|O|1996-08-15|1996-07-13|1996-08-16|TAKE BACK RETURN|SHIP|ptotes haggle. carefully regular pack
397|2163|920|7|22|23433.52|0.07|0.00|N|O|1996-06-10|1996-08-20|1996-06-15|COLLECT COD|REG AIR|unusual dependencies. slyly specia
398|5024|535|1|31|28799.62|0.10|0.00|R|F|1995-01-24|1995-02-21|1995-02-03|DELIVER IN PERSON|REG AIR|ccounts solve fluffy deposits. depos
398|4638|639|2|49|75588.87|0.09|0.05|R|F|1994-12-12|1995-02-02|1995-01-04|DELIVER IN PERSON|TRUCK|ithely after 
398|6010|779|3|5|4580.05|0.06|0.04|R|F|1995-03-06|1995-01-06|1995-04-01|NONE|REG AIR| packages among the blithe ideas c
399|7745|746|1|3|4958.22|0.09|0.02|R|F|1994-07-26|1994-06-07|1994-08-06|NONE|MAIL|around the blithely unusual fox
399|16252|253|2|49|57244.25|0.01|0.00|R|F|1994-08-01|1994-07-25|1994-08-23|NONE|RAIL|regular deposits are. blith
399|12993|256|3|8|15247.92|0.05|0.05|A|F|1994-07-16|1994-07-08|1994-08-07|COLLECT COD|AIR|deposits bet
399|19825|364|4|38|66303.16|0.08|0.00|A|F|1994-08-04|1994-07-09|1994-08-24|COLLECT COD|AIR|arefully ironic r
399|4886|887|5|10|17908.80|0.04|0.08|A|F|1994-05-27|1994-07-28|1994-06-25|NONE|AIR|ns. blithely regular deposits 
424|10993|774|1|26|49503.74|0.01|0.01|A|F|1992-03-29|1992-05-01|1992-04-22|TAKE BACK RETURN|REG AIR|bold escapades. quickly ironic requests
425|16523|322|1|30|43185.60|0.10|0.04|N|O|1996-04-23|1996-03-27|1996-05-15|TAKE BACK RETURN|REG AIR|its. furiously
426|5749|260|1|43|71153.82|0.03|0.01|A|F|1993-09-08|1993-09-21|1993-10-01|TAKE BACK RETURN|RAIL| slyly regular instr
426|9901|679|2|1|1810.90|0.10|0.07|R|F|1993-07-26|1993-09-17|1993-07-28|COLLECT COD|RAIL|efully careful multip
426|537|538|3|50|71876.50|0.04|0.00|A|F|1993-07-28|1993-08-23|1993-08-04|DELIVER IN PERSON|FOB|l accounts. pinto beans are care
426|10575|576|4|21|31196.97|0.06|0.00|R|F|1993-07-23|1993-10-02|1993-08-10|NONE|TRUCK|eposits. special requests
426|6145|914|5|47|49403.58|0.05|0.00|R|F|1993-10-23|1993-10-08|1993-11-17|TAKE BACK RETURN|MAIL|rnis wake furiously regular packages
426|6591|360|6|41|61401.19|0.02|0.01|R|F|1993-08-09|1993-10-14|1993-08-31|TAKE BACK RETURN|SHIP| carefully carefully regular deposits. exp
427|6965|478|1|18|33695.28|0.07|0.03|R|F|1993-04-03|1993-04-28|1993-04-11|COLLECT COD|SHIP| packages around the slyly
427|6366|879|2|16|20357.76|0.02|0.01|R|F|1993-05-16|1993-04-24|1993-05-19|DELIVER IN PERSON|TRUCK|grouches run fluffily. fluffily pending the
428|6724|237|1|38|61967.36|0.03|0.06|R|F|1992-10-01|1992-10-10|1992-10-06|TAKE BACK RETURN|FOB|heodolites. bold
428|10105|626|2|38|38573.80|0.09|0.00|R|F|1992-11-05|1992-09-16|1992-11-16|DELIVER IN PERSON|FOB|ns doze pending, even se
428|4817|580|3|41|70594.21|0.08|0.04|R|F|1992-07-30|1992-09-24|1992-08-16|NONE|SHIP| express accou
428|16867|666|4|25|44596.50|0.08|0.03|R|F|1992-08-26|1992-08-30|1992-09-16|NONE|MAIL|efully above the express dep
428|9491|492|5|26|36412.74|0.09|0.04|R|F|1992-08-07|1992-08-24|1992-08-12|COLLECT COD|FOB|. blithely 
428|9192|711|6|1|1101.19|0.09|0.02|A|F|1992-08-02|1992-09-12|1992-08-24|NONE|AIR| ironic, r
429|2510|267|1|35|49437.85|0.10|0.06|A|F|1993-04-07|1993-04-21|1993-04-11|TAKE BACK RETURN|AIR| pending theodolites dazzle blithely aft
429|13752|542|2|36|59967.00|0.00|0.06|R|F|1993-04-10|1993-04-19|1993-04-19|COLLECT COD|REG AIR|ght to are quickly carefully 
430|11767|29|1|43|72186.68|0.00|0.08|N|O|1997-08-17|1997-08-13|1997-09-11|COLLECT COD|MAIL|er the bold
430|7111|369|2|21|21380.31|0.05|0.05|N|O|1997-06-24|1997-08-17|1997-07-01|TAKE BACK RETURN|SHIP|egular ideas wake deposits. b
430|18152|689|3|41|43876.15|0.09|0.05|N|O|1997-06-23|1997-07-10|1997-06-27|COLLECT COD|TRUCK|c accounts according to the quickly fina
430|18097|902|4|15|15226.35|0.05|0.03|N|O|1997-08-15|1997-09-04|1997-09-09|COLLECT COD|TRUCK|affix. final deposits haggle across th
430|4886|141|5|33|59099.04|0.01|0.04|N|O|1997-07-10|1997-08-16|1997-07-17|DELIVER IN PERSON|FOB|ggle slyly unus
431|6902|903|1|6|10853.40|0.02|0.07|R|F|1992-04-25|1992-05-07|1992-05-19|NONE|AIR|beans sleep furiously across t
431|13139|403|2|4|4208.52|0.02|0.08|R|F|1992-07-29|1992-05-17|1992-08-22|TAKE BACK RETURN|SHIP|riously even
431|4275|276|3|3|3537.81|0.05|0.06|R|F|1992-07-21|1992-05-20|1992-08-09|DELIVER IN PERSON|TRUCK|ges integrate carefully 
431|15287|553|4|18|21641.04|0.00|0.00|A|F|1992-05-01|1992-05-18|1992-05-09|COLLECT COD|TRUCK|he depths use aroun
456|778|779|1|21|35254.17|0.02|0.04|R|F|1992-02-29|1992-03-06|1992-03-04|TAKE BACK RETURN|TRUCK|ly across th
456|15388|919|2|47|61258.86|0.04|0.06|A|F|1992-03-07|1992-02-26|1992-03-08|NONE|AIR|ular platelet
456|15955|956|3|44|82321.80|0.04|0.01|R|F|1992-03-19|1992-03-01|1992-04-15|DELIVER IN PERSON|FOB|as impress slyly about the bravely ex
457|12542|329|1|48|69817.92|0.10|0.05|N|O|1996-05-31|1996-06-13|1996-06-20|TAKE BACK RETURN|MAIL|efully fina
458|842|343|1|11|19171.24|0.07|0.01|A|F|1995-03-02|1995-02-23|1995-03-15|COLLECT COD|TRUCK| pending realms haggle fluffily. final 
459|4156|665|1|1|1060.15|0.09|0.00|N|O|1995-09-29|1995-09-01|1995-10-11|TAKE BACK RETURN|RAIL|final, regular deposits sleep 
459|2411|412|2|15|19701.15|0.07|0.00|N|O|1995-11-15|1995-10-13|1995-11-25|TAKE BACK RETURN|SHIP|st regular requests. ironic,
459|5123|889|3|27|27759.24|0.09|0.03|N|O|1995-10-09|1995-08-30|1995-11-08|DELIVER IN PERSON|RAIL|ses serve quickly.
459|7019|791|4|31|28706.31|0.02|0.02|N|O|1995-09-01|1995-10-20|1995-09-07|TAKE BACK RETURN|FOB|alongside of the 
459|14530|795|5|40|57781.20|0.06|0.07|N|O|1995-08-29|1995-09-03|1995-09-23|DELIVER IN PERSON|AIR|ickly express i
459|9236|237|6|45|51535.35|0.03|0.08|N|O|1995-09-13|1995-09-11|1995-10-10|NONE|REG AIR|lyly final realm
460|18356|357|1|8|10194.80|0.05|0.04|N|O|1998-05-14|1998-07-09|1998-06-09|COLLECT COD|SHIP|st the quickly even deposits. bli
460|16382|181|2|36|46741.68|0.04|0.02|N|O|1998-05-18|1998-05-13|1998-06-17|NONE|TRUCK|refully quickly final attainments.
460|2709|710|3|14|22563.80|0.10|0.02|N|O|1998-06-30|1998-07-01|1998-07-02|NONE|SHIP|ites hinder a
461|11721|983|1|13|21225.36|0.07|0.03|N|O|1998-01-22|1997-12-21|1998-01-28|TAKE BACK RETURN|MAIL|cajole blithely. regular excuses besi
461|4813|322|2|33|56687.73|0.09|0.07|N|O|1998-02-08|1998-01-18|1998-02-18|COLLECT COD|FOB|s. blithely final packages 
461|10709|710|3|25|40492.50|0.01|0.04|N|O|1997-12-11|1998-01-28|1997-12-20|NONE|SHIP|rets haggle fluffily above the even depe
461|14260|525|4|48|56364.48|0.08|0.05|N|O|1998-02-02|1997-12-29|1998-02-19|COLLECT COD|SHIP|ag carefully bold, regular accounts
462|7958|473|1|48|89565.60|0.00|0.04|A|F|1993-11-20|1993-09-28|1993-11-22|DELIVER IN PERSON|MAIL|symptotes. blithely regular pinto bea
462|17759|561|2|13|21797.75|0.09|0.04|A|F|1993-09-01|1993-10-09|1993-09-30|COLLECT COD|AIR|? quickly regular reques
462|18741|10|3|4|6638.96|0.06|0.08|A|F|1993-09-05|1993-10-06|1993-10-01|COLLECT COD|MAIL|y pending accounts use
462|10058|579|4|47|45498.35|0.02|0.08|R|F|1993-09-02|1993-10-15|1993-09-23|COLLECT COD|RAIL|slyly blithely ironic foxes. carefully b
462|18409|946|5|26|34512.40|0.06|0.03|A|F|1993-08-24|1993-09-23|1993-09-17|COLLECT COD|RAIL|l requests was 
462|15254|520|6|24|28062.00|0.08|0.01|A|F|1993-08-18|1993-11-05|1993-08-29|NONE|RAIL| requests around the asymptotes cajole 
463|10847|368|1|13|22851.92|0.07|0.07|R|F|1993-12-23|1993-12-03|1994-01-22|NONE|TRUCK|lyly express
463|13188|189|2|43|47350.74|0.06|0.08|R|F|1993-12-29|1993-11-27|1994-01-12|TAKE BACK RETURN|RAIL|lar instructions: carefully ruthles
488|2337|338|1|17|21068.61|0.04|0.03|N|O|1998-01-25|1997-12-21|1998-02-19|TAKE BACK RETURN|AIR|express packages detect? blithe sheaves boo
488|11835|358|2|21|36683.43|0.01|0.04|N|O|1997-12-16|1997-12-22|1997-12-26|TAKE BACK RETURN|SHIP|are furiously 
488|8195|196|3|32|35302.08|0.07|0.00|N|O|1998-01-21|1997-11-23|1998-01-25|DELIVER IN PERSON|AIR| fluffily bold instructions. slyly r
488|17141|943|4|42|44441.88|0.10|0.08|N|O|1997-10-24|1997-12-01|1997-11-16|DELIVER IN PERSON|TRUCK|odolites slee
489|17773|308|1|48|81156.96|0.06|0.05|N|O|1997-07-11|1997-08-23|1997-08-03|COLLECT COD|SHIP|l, regular ideas? iro
490|16373|172|1|23|29655.51|0.03|0.08|R|F|1992-04-25|1992-04-07|1992-05-03|DELIVER IN PERSON|SHIP|bold sauternes. asymptotes nag. furious
490|11728|729|2|7|11478.04|0.09|0.07|A|F|1992-03-20|1992-03-20|1992-04-18|DELIVER IN PERSON|TRUCK|de of the requests boost caref
491|12068|593|1|10|9800.60|0.09|0.01|N|O|1998-06-29|1998-07-04|1998-07-28|COLLECT COD|TRUCK|to beans boost 
491|14219|220|2|46|52127.66|0.04|0.06|N|O|1998-07-21|1998-08-13|1998-08-04|NONE|TRUCK|p above the even excuses. 
491|9921|181|3|23|42111.16|0.01|0.01|N|O|1998-07-09|1998-08-05|1998-07-19|NONE|REG AIR|ly final acco
491|6525|294|4|16|22904.32|0.05|0.03|N|O|1998-08-19|1998-06-26|1998-09-11|COLLECT COD|REG AIR|nal packages run courts. s
492|16111|644|1|34|34921.74|0.02|0.02|N|O|1997-11-30|1997-10-27|1997-12-26|COLLECT COD|REG AIR|rts. quickly regular asymptotes inte
492|13232|759|2|7|8016.61|0.05|0.07|N|O|1997-08-16|1997-10-03|1997-08-22|DELIVER IN PERSON|MAIL| regular pinto beans are against
493|17659|194|1|35|55182.75|0.02|0.01|N|O|1996-12-28|1997-02-14|1997-01-26|TAKE BACK RETURN|REG AIR|kages detect quickly slyl
494|11880|664|1|32|57340.16|0.02|0.05|A|F|1995-05-26|1995-06-20|1995-06-01|NONE|FOB|ully across the special packages; carefu
494|11482|483|2|9|12541.32|0.07|0.05|N|O|1995-07-31|1995-07-06|1995-08-05|TAKE BACK RETURN|RAIL|s. slyly unusual ideas haggle among the
494|5002|513|3|19|17233.00|0.09|0.07|N|O|1995-07-12|1995-07-07|1995-08-01|COLLECT COD|SHIP|sleep furiously regular packages. request
494|3181|435|4|19|20599.42|0.06|0.02|N|O|1995-06-26|1995-06-08|1995-06-30|COLLECT COD|REG AIR|l requests 
494|11141|403|5|48|50502.72|0.01|0.01|N|O|1995-07-22|1995-05-26|1995-07-23|TAKE BACK RETURN|FOB|en packages. regular t
494|1750|2|6|25|41293.75|0.04|0.07|N|O|1995-08-06|1995-07-07|1995-08-25|COLLECT COD|FOB|ithely bold theodo
495|17001|2|1|6|5508.00|0.05|0.00|N|O|1997-03-21|1997-03-05|1997-03-27|COLLECT COD|MAIL|ipliers. carefully regular re
495|3058|312|2|10|9610.50|0.03|0.01|N|O|1997-05-05|1997-04-23|1997-05-21|COLLECT COD|REG AIR|regular excuses; blithely final acc
495|12844|631|3|37|65003.08|0.03|0.04|N|O|1997-02-24|1997-03-13|1997-02-25|TAKE BACK RETURN|TRUCK|ggle outside the carefully special 
495|8004|779|4|33|30096.00|0.10|0.05|N|O|1997-04-13|1997-04-18|1997-04-17|TAKE BACK RETURN|RAIL|uickly final, regular packages. quickly e
495|7380|381|5|43|55357.34|0.06|0.06|N|O|1997-02-15|1997-04-29|1997-03-10|DELIVER IN PERSON|TRUCK|e. carefully ironic packa
495|19691|692|6|45|72481.05|0.01|0.04|N|O|1997-05-17|1997-04-06|1997-06-09|TAKE BACK RETURN|FOB|arefully bold packages wake. ideas sleep 
520|19740|279|1|47|78007.78|0.09|0.07|R|F|1992-06-04|1992-05-06|1992-06-07|COLLECT COD|AIR|lites. expre
520|4458|713|2|13|17711.85|0.07|0.04|R|F|1992-05-01|1992-06-09|1992-05-03|COLLECT COD|MAIL|yly silent Tiresias. furio
521|18983|252|1|22|41843.56|0.00|0.02|N|O|1995-08-23|1995-09-12|1995-08-26|NONE|AIR|y ironic p
521|17842|843|2|36|63354.24|0.03|0.02|N|O|1995-08-18|1995-09-13|1995-09-04|COLLECT COD|FOB|usly even exc
522|9546|806|1|11|16010.94|0.10|0.04|N|O|1998-08-26|1998-08-07|1998-09-20|COLLECT COD|AIR|regular theodolites boost a
522|11603|387|2|43|65127.80|0.10|0.08|N|O|1998-05-22|1998-06-24|1998-06-07|COLLECT COD|FOB|regular depo
522|6199|456|3|3|3315.57|0.10|0.04|N|O|1998-06-28|1998-08-03|1998-07-25|COLLECT COD|AIR|wake furiously s
522|2645|646|4|36|55715.04|0.07|0.08|N|O|1998-05-22|1998-06-21|1998-05-26|COLLECT COD|REG AIR| packages sleep beside the final
522|1456|210|5|19|25791.55|0.03|0.05|N|O|1998-06-18|1998-08-01|1998-06-29|NONE|FOB|otes nag furiousl
522|3560|320|6|31|45370.36|0.02|0.06|N|O|1998-05-27|1998-07-30|1998-05-29|NONE|REG AIR|slyly slyly express d
523|10558|339|1|7|10279.85|0.08|0.06|N|O|1997-09-24|1997-11-18|1997-10-05|TAKE BACK RETURN|MAIL|ickly silent requests. furiously reg
523|19763|764|2|1|1682.76|0.02|0.03|N|O|1997-10-09|1997-10-24|1997-10-16|COLLECT COD|RAIL|thely regular ideas. furiously special foxe
523|9001|2|3|16|14560.00|0.09|0.08|N|O|1997-10-25|1997-10-31|1997-11-20|TAKE BACK RETURN|SHIP|kages. regular packages cajol
523|13055|56|4|16|15488.80|0.05|0.05|N|O|1997-11-20|1997-11-09|1997-12-04|DELIVER IN PERSON|RAIL|re carefully final 
524|14472|473|1|37|51299.39|0.04|0.04|R|F|1993-08-24|1993-09-07|1993-08-28|NONE|AIR|he multipliers sleep
525|17655|457|1|24|37743.60|0.05|0.02|N|O|1996-01-16|1996-01-15|1996-02-03|NONE|MAIL|es wake slyly after the express
525|6688|457|2|17|27109.56|0.05|0.08|N|O|1996-01-01|1996-02-25|1996-01-23|DELIVER IN PERSON|SHIP|es use fluffily
525|12687|474|3|34|54389.12|0.06|0.02|N|O|1995-12-25|1996-02-26|1996-01-03|DELIVER IN PERSON|AIR| the even deposit
525|5003|769|4|40|36320.00|0.02|0.03|N|O|1996-02-21|1996-02-15|1996-03-04|TAKE BACK RETURN|REG AIR|e carefully? ironic theodolites 
525|11250|251|5|11|12773.75|0.08|0.07|N|O|1996-03-21|1996-01-18|1996-04-18|COLLECT COD|RAIL|s. regular, regular 
525|6601|602|6|2|3015.20|0.09|0.02|N|O|1996-01-25|1996-01-19|1996-02-05|DELIVER IN PERSON|MAIL|bove the regular requests detect sl
525|10837|98|7|9|15730.47|0.08|0.06|N|O|1996-01-01|1996-03-09|1996-01-03|TAKE BACK RETURN|FOB|ideas about the furiou
526|12937|200|1|40|73997.20|0.04|0.05|A|F|1992-12-14|1993-02-12|1993-01-11|COLLECT COD|SHIP|furiously unus
526|23|24|2|10|9230.20|0.00|0.02|A|F|1993-02-23|1993-02-16|1993-03-24|COLLECT COD|FOB|pinto beans. packages haggle slyly care
526|9979|980|3|5|9444.85|0.01|0.08|R|F|1992-12-29|1993-01-16|1993-01-26|COLLECT COD|RAIL|fully. ideas haggl
526|15844|845|4|29|51035.36|0.03|0.07|R|F|1993-01-18|1993-01-08|1993-02-16|TAKE BACK RETURN|REG AIR| the quickly
526|17527|62|5|25|36113.00|0.10|0.05|R|F|1993-02-10|1993-01-14|1993-03-06|COLLECT COD|REG AIR|longside of the carefully regular
526|1974|728|6|7|13131.79|0.09|0.03|R|F|1992-12-05|1992-12-31|1992-12-13|NONE|FOB|ouches. fu
527|820|821|1|39|67111.98|0.01|0.05|N|O|1996-09-20|1996-11-13|1996-10-03|COLLECT COD|MAIL|s. quickly unusual requests wake fluf
527|18020|21|2|32|30016.64|0.05|0.03|N|O|1996-12-19|1996-09-29|1996-12-30|TAKE BACK RETURN|SHIP|arefully pending
527|9730|990|3|45|73787.85|0.03|0.03|N|O|1996-09-19|1996-09-26|1996-09-21|DELIVER IN PERSON|MAIL|ly regular pinto bea
527|17126|394|4|33|34422.96|0.00|0.01|N|O|1996-09-24|1996-11-19|1996-10-07|TAKE BACK RETURN|TRUCK|ic packages. slyly pend
527|12454|979|5|16|21863.20|0.08|0.06|N|O|1996-10-27|1996-11-20|1996-11-19|NONE|TRUCK|p slyly above the furiously bo
527|19440|979|6|49|66612.56|0.05|0.03|N|O|1996-08-29|1996-10-28|1996-09-19|NONE|MAIL|g to the fluffily ironic pla
552|574|575|1|32|47186.24|0.02|0.00|R|F|1994-06-01|1994-05-30|1994-06-20|TAKE BACK RETURN|SHIP|deas across
552|519|770|2|45|63877.95|0.06|0.04|R|F|1994-05-26|1994-07-13|1994-06-08|DELIVER IN PERSON|RAIL|sly pinto beans. blithely bold 
552|12189|714|3|21|23124.78|0.08|0.05|A|F|1994-06-01|1994-06-01|1994-06-18|COLLECT COD|AIR|manently unusual dependencies. 
553|18495|764|1|30|42404.70|0.10|0.06|N|O|1996-12-19|1997-01-18|1997-01-17|NONE|RAIL|lyly ironic requests sleep sl
553|13116|906|2|18|18523.98|0.01|0.05|N|O|1997-02-08|1997-03-16|1997-02-20|COLLECT COD|REG AIR| beans wake quickly along the quic
553|7406|407|3|48|63043.20|0.02|0.02|N|O|1997-01-08|1997-01-20|1997-01-24|DELIVER IN PERSON|TRUCK|ular deposits. bli
554|11228|229|1|15|17088.30|0.10|0.05|N|O|1996-02-17|1996-01-23|1996-03-09|TAKE BACK RETURN|SHIP|iously. carefully final pinto beans doz
554|19594|133|2|42|63570.78|0.01|0.02|N|O|1996-03-06|1996-02-07|1996-04-05|COLLECT COD|TRUCK|nts about the express ideas cajole alo
554|15677|208|3|16|25482.72|0.08|0.02|N|O|1995-12-05|1996-01-24|1996-01-01|COLLECT COD|RAIL|nic theodolites are along the caref
554|9424|425|4|10|13334.20|0.01|0.01|N|O|1995-12-03|1996-01-23|1995-12-22|COLLECT COD|FOB|ideas. even deposi
554|2542|543|5|46|66448.84|0.09|0.01|N|O|1996-01-21|1996-01-28|1996-02-14|DELIVER IN PERSON|RAIL|ang fluffily ironic accounts. slyly regular
554|17566|834|6|9|13352.04|0.03|0.04|N|O|1996-03-02|1996-01-13|1996-03-04|DELIVER IN PERSON|SHIP|ng pinto beans. packages was
555|7994|766|1|24|45647.76|0.10|0.07|N|O|1996-11-29|1996-11-04|1996-12-12|DELIVER IN PERSON|AIR|fully final deposits about the f
556|3114|621|1|28|28479.08|0.06|0.05|R|F|1994-07-10|1994-08-28|1994-07-15|DELIVER IN PERSON|SHIP|nag furiously blithely pending in
556|13050|314|2|49|47189.45|0.05|0.07|A|F|1994-08-21|1994-08-11|1994-08-27|DELIVER IN PERSON|SHIP|es are furiou
557|16278|545|1|1|1194.27|0.08|0.05|R|F|1993-10-12|1993-12-04|1993-10-24|COLLECT COD|AIR|ccounts ar
557|1889|392|2|18|32235.84|0.06|0.05|R|F|1994-01-08|1993-12-20|1994-02-06|TAKE BACK RETURN|REG AIR|onic deposits. sentiments by the furiously 
557|2216|217|3|37|41373.77|0.00|0.01|R|F|1993-11-07|1993-10-31|1993-11-09|NONE|SHIP|furiously regular dep
557|18903|708|4|4|7287.60|0.02|0.05|A|F|1993-12-18|1993-12-10|1993-12-23|DELIVER IN PERSON|SHIP|he fluffily bold packages. pa
557|15266|267|5|1|1181.26|0.08|0.04|R|F|1993-10-26|1993-11-11|1993-11-06|TAKE BACK RETURN|AIR| print furiously 
557|1158|661|6|48|50839.20|0.03|0.06|R|F|1993-11-15|1993-11-29|1993-11-23|NONE|REG AIR|he fluffily silent accounts. packages bo
558|9888|666|1|28|50340.64|0.08|0.05|A|F|1993-03-23|1993-05-25|1993-04-15|NONE|FOB|equests. unusual pinto beans haggle quickly
558|18158|695|2|50|53807.50|0.06|0.08|R|F|1993-05-31|1993-05-10|1993-06-29|TAKE BACK RETURN|AIR|. fluffily even deposits wak
558|1124|627|3|38|38954.56|0.04|0.02|R|F|1993-06-23|1993-05-18|1993-07-22|COLLECT COD|RAIL|mong the fluffily express dolphins. car
559|2522|523|1|50|71226.00|0.06|0.06|N|O|1997-02-02|1997-03-16|1997-02-10|DELIVER IN PERSON|REG AIR|egular pinto beans? carefu
559|6189|958|2|50|54759.00|0.08|0.00|N|O|1997-03-27|1997-02-25|1997-04-22|TAKE BACK RETURN|SHIP|ackages. furiously
584|19539|347|1|24|35004.72|0.03|0.05|A|F|1994-02-08|1994-03-05|1994-03-03|DELIVER IN PERSON|TRUCK|structions sleep. slyly ironic
584|8058|575|2|32|30913.60|0.06|0.08|A|F|1994-04-28|1994-03-27|1994-05-14|NONE|SHIP|ublate pending asymptotes. 
584|16761|294|3|12|20133.12|0.03|0.02|R|F|1994-01-28|1994-02-27|1994-02-17|NONE|REG AIR|. blithely un
584|17738|273|4|23|38081.79|0.10|0.01|R|F|1994-02-17|1994-03-12|1994-03-06|COLLECT COD|MAIL|s. regular foxes grow quic
584|13237|764|5|44|50610.12|0.09|0.01|A|F|1994-02-04|1994-03-27|1994-02-25|COLLECT COD|FOB|ng to the bold 
584|19186|725|6|23|25419.14|0.08|0.06|R|F|1994-02-14|1994-02-18|1994-03-03|NONE|RAIL|st the carefully final ideas hag
585|3973|227|1|32|60063.04|0.00|0.03|R|F|1993-07-26|1993-05-11|1993-08-17|COLLECT COD|TRUCK|tions. ironic acco
585|2930|435|2|30|54987.90|0.08|0.04|R|F|1993-06-13|1993-05-25|1993-06-22|TAKE BACK RETURN|AIR| the quickly regular instructions. fluff
585|19194|2|3|23|25603.37|0.02|0.05|R|F|1993-06-04|1993-05-02|1993-06-22|TAKE BACK RETURN|SHIP|lar pains sleep above the silent
585|13092|356|4|21|21106.89|0.09|0.06|A|F|1993-06-06|1993-06-09|1993-06-27|NONE|SHIP|regular asymptotes are fluffily above
585|12217|742|5|18|20325.78|0.09|0.05|R|F|1993-04-06|1993-05-20|1993-04-28|NONE|AIR|y stealthy theodoli
585|1806|58|6|27|46110.60|0.06|0.03|A|F|1993-07-26|1993-06-03|1993-08-07|DELIVER IN PERSON|AIR|the carefully fin
586|19873|412|1|1|1792.87|0.02|0.07|N|O|1998-09-21|1998-07-01|1998-10-07|NONE|MAIL| pinto beans use fluffily final instr
586|9067|327|2|10|9760.60|0.03|0.07|N|O|1998-06-06|1998-07-09|1998-06-18|COLLECT COD|SHIP|encies. express courts kindle 
586|16594|595|3|40|60423.60|0.05|0.00|N|O|1998-06-20|1998-07-26|1998-07-17|TAKE BACK RETURN|MAIL|kages. carefully spec
586|5221|987|4|43|48427.46|0.06|0.03|N|O|1998-07-03|1998-08-04|1998-07-27|TAKE BACK RETURN|MAIL|ng the finally special deposits cajole fu
587|11914|176|1|43|78514.13|0.04|0.08|A|F|1992-12-07|1992-12-22|1992-12-18|COLLECT COD|FOB|egular accounts are be
588|10857|638|1|35|61874.75|0.03|0.07|R|F|1993-08-22|1993-10-12|1993-09-13|COLLECT COD|FOB| foxes was furiously a
588|12233|234|2|9|10307.07|0.06|0.05|A|F|1993-08-09|1993-09-24|1993-09-01|COLLECT COD|FOB|e furiously bold warthogs. furiou
588|17752|20|3|50|83487.50|0.07|0.04|A|F|1993-11-15|1993-08-31|1993-12-08|DELIVER IN PERSON|RAIL|ckly unusual theodolites. quickly bold pa
588|7513|28|4|4|5682.04|0.02|0.01|A|F|1993-10-13|1993-09-20|1993-10-27|DELIVER IN PERSON|RAIL|thely pending deposits detect 
588|15013|279|5|33|30624.33|0.04|0.00|R|F|1993-08-30|1993-09-30|1993-09-09|NONE|RAIL|yly ironic
588|15570|366|6|41|60908.37|0.10|0.00|R|F|1993-10-13|1993-09-11|1993-10-26|TAKE BACK RETURN|TRUCK|odolites. slyly silent fox
588|19579|118|7|17|25475.69|0.04|0.00|A|F|1993-09-29|1993-09-09|1993-10-29|DELIVER IN PERSON|TRUCK|. carefully pending deposits use furiously
589|13313|103|1|46|56410.26|0.02|0.01|N|O|1997-10-27|1998-01-02|1997-11-15|TAKE BACK RETURN|MAIL|ously bold deposits are. f
589|2891|648|2|3|5381.67|0.02|0.02|N|O|1997-11-03|1997-12-05|1997-11-10|COLLECT COD|SHIP|long the packages. bold pa
589|15102|368|3|12|12205.20|0.10|0.05|N|O|1998-01-19|1997-12-07|1998-02-09|TAKE BACK RETURN|RAIL|ly ironic 
589|10847|628|4|2|3515.68|0.04|0.07|N|O|1997-12-29|1997-11-21|1998-01-02|TAKE BACK RETURN|RAIL| notornis wake slyly. un
590|12243|244|1|42|48520.08|0.05|0.06|A|F|1993-07-26|1993-08-02|1993-08-22|NONE|FOB|ously furiously regular d
590|2838|343|2|37|64410.71|0.09|0.06|A|F|1993-09-06|1993-08-06|1993-09-25|DELIVER IN PERSON|FOB|need to cajole quick, fi
590|13001|791|3|5|4570.00|0.02|0.07|A|F|1993-08-02|1993-07-25|1993-08-08|DELIVER IN PERSON|FOB|nal deposits. furiously even i
590|11437|699|4|27|36407.61|0.00|0.04|R|F|1993-08-08|1993-08-04|1993-08-16|DELIVER IN PERSON|SHIP|ingly ironic requests.
590|17993|795|5|45|85994.55|0.00|0.06|R|F|1993-10-23|1993-08-04|1993-11-16|DELIVER IN PERSON|AIR|ess instructions los
590|18578|847|6|4|5986.28|0.04|0.01|R|F|1993-07-22|1993-08-17|1993-08-19|DELIVER IN PERSON|FOB|ons after the furi
590|10806|67|7|41|70388.80|0.10|0.02|R|F|1993-08-20|1993-09-16|1993-08-21|DELIVER IN PERSON|SHIP|hs past the quickly special r
